Mark Taylor,Albany,Georgia (U.S. state),United States,"Washington,_D.C."
Mark Levine,Nashville,Tennessee,United States,"Washington,_D.C."
Jimmy Lewis,Nashville,Tennessee,United States,"Washington,_D.C."
Andrew Wilson,Syracuse,New York,United States,"Washington,_D.C."
Mike Roberts,Syracuse,New York,United States,"Washington,_D.C."
Nicole Mitchell,Syracuse,New York,United States,"Washington,_D.C."
Mark Harris,Mobile,Alabama,United States,"Washington,_D.C."
Kevin Lee,Mobile,Alabama,United States,"Washington,_D.C."
Wayne Mills,Arab,Alabama,United States,"Washington,_D.C."
Paul McDonald,Auburn,Alabama,United States,"Washington,_D.C."
Paul Lambert,Birmingham,Alabama,United States,"Washington,_D.C."
Bill Latham,Birmingham,Alabama,United States,"Washington,_D.C."
Tom Banks,Birmingham,Alabama,United States,"Washington,_D.C."
Frank Welch,Birmingham,Alabama,United States,"Washington,_D.C."
Ernie Johnson,Berkeley,California,United States,"Washington,_D.C."
The Alchemist,Beverly Hills,California,United States,"Washington,_D.C."
George Harper,Arlington,Kentucky,United States,"Washington,_D.C."
Eddie Moore,Barlow,Kentucky,United States,"Washington,_D.C."
Ed Kennedy,Bellevue,Kentucky,United States,"Washington,_D.C."
G. B. Edwards,Aberdeen,Maryland,United States,"Washington,_D.C."
James Stanley,Jackson,Michigan,United States,"Washington,_D.C."
Joe Glenn,Lincoln,Nebraska,United States,"Washington,_D.C."
David Landis,Lincoln,Nebraska,United States,"Washington,_D.C."
Tony Davis,Tecumseh,Nebraska,United States,"Washington,_D.C."
James King,Akron,Ohio,United States,"Washington,_D.C."
Bob Gaudio,Ashtabula,Ohio,United States,"Washington,_D.C."
Michael Andrew,Aberdeen,South Dakota,United States,"Washington,_D.C."
Eddie Moore,Barlow,"Ballard County, Kentucky",United States,"Washington,_D.C."
Sinbad,Benton Harbor,"Berrien County, Michigan",United States,"Washington,_D.C."
Robert Marx,Portland,"Clackamas County, Oregon",United States,"Washington,_D.C."
Lew Beck,Portland,"Clackamas County, Oregon",United States,"Washington,_D.C."
Scott Taylor,Portland,"Clackamas County, Oregon",United States,"Washington,_D.C."
John Robinson,Portland,"Clackamas County, Oregon",United States,"Washington,_D.C."
Thomas Mann,Portland,"Clackamas County, Oregon",United States,"Washington,_D.C."
James Harris,Albany,"Dougherty County, Georgia",United States,"Washington,_D.C."
Iris Smith,Albany,"Dougherty County, Georgia",United States,"Washington,_D.C."
George Wadsworth,Beverly,"Essex County, Massachusetts",United States,"Washington,_D.C."
Malcolm Brown,Biloxi,"Harrison County, Mississippi",United States,"Washington,_D.C."
Bud Moore,Birmingham,"Jefferson County, Alabama",United States,"Washington,_D.C."
William Barnes,Birmingham,"Jefferson County, Alabama",United States,"Washington,_D.C."
Ed Shaw,Tecumseh,"Johnson County, Nebraska",United States,"Washington,_D.C."
Tony Davis,Tecumseh,"Johnson County, Nebraska",United States,"Washington,_D.C."
Joe Glenn,Lincoln,"Lancaster County, Nebraska",United States,"Washington,_D.C."
Jim Hanna,Lincoln,"Lancaster County, Nebraska",United States,"Washington,_D.C."
John Jackson,Lincoln,"Lancaster County, Nebraska",United States,"Washington,_D.C."
Eric Stokes,Lincoln,"Lancaster County, Nebraska",United States,"Washington,_D.C."
Luke Jackson,Eugene,"Lane County, Oregon",United States,"Washington,_D.C."
Randall Edwards,Eugene,"Lane County, Oregon",United States,"Washington,_D.C."
John Maxwell,Jackson,"Madison County, Mississippi",United States,"Washington,_D.C."
John Mitchell,Mobile,"Mobile County, Alabama",United States,"Washington,_D.C."
Donald Cook,Portland,"Multnomah County, Oregon",United States,"Washington,_D.C."
Jay Leach,Syracuse,"Onondaga County, New York",United States,"Washington,_D.C."
Joe Hill,Bangor,"Penobscot County, Maine",United States,"Washington,_D.C."
James Carr,Bangor,"Penobscot County, Maine",United States,"Washington,_D.C."
Josh Fields,Ada,"Pontotoc County, Oklahoma",United States,"Washington,_D.C."
John Thompson,Jackson,"Rankin County, Mississippi",United States,"Washington,_D.C."
Roy Bennett,Birmingham,"Shelby County, Alabama",United States,"Washington,_D.C."
Frank Welch,Birmingham,"Shelby County, Alabama",United States,"Washington,_D.C."
Richard Todd,Birmingham,"Shelby County, Alabama",United States,"Washington,_D.C."
Jimmy Murphy,Birmingham,"Shelby County, Alabama",United States,"Washington,_D.C."
Tommy Smith,Albemarle,"Stanly County, North Carolina",United States,"Washington,_D.C."
Justin Lester,Akron,"Summit County, Ohio",United States,"Washington,_D.C."
Mark Kennedy,Benson,"Swift County, Minnesota",United States,"Washington,_D.C."
Chris Martin,Arlington,Texas,United States,"Washington,_D.C."
John Kiely,Ithaca,"Tompkins County, New York",United States,"Washington,_D.C."
Frank Williams,Ashburn,"Turner County, Georgia",United States,"Washington,_D.C."
Bill Morgan,Portland,"Washington County, Oregon",United States,"Washington,_D.C."
Jack Wilson,Portland,"Washington County, Oregon",United States,"Washington,_D.C."
John Robinson,Portland,"Washington County, Oregon",United States,"Washington,_D.C."
Daniel Parker,Portland,"Washington County, Oregon",United States,"Washington,_D.C."
Bernard Coyne,Anthon,"Woodbury County, Iowa",United States,"Washington,_D.C."
Brad Scott,Arcadia,Florida,United States,"Washington,_D.C."
Dick Taylor,Algona,Iowa,United States,"Washington,_D.C."
Thomas Coleman,Barnstable,Massachusetts,United States,"Washington,_D.C."
John Marshall,Cambridge,Massachusetts,United States,"Washington,_D.C."
William Phillips,Beverly,Massachusetts,United States,"Washington,_D.C."
Joe Courtney,Jackson,Mississippi,United States,"Washington,_D.C."
Aaron Harper,Jackson,Mississippi,United States,"Washington,_D.C."
Barry Lyons,Biloxi,Mississippi,United States,"Washington,_D.C."
Jack Lewis,Portland,Oregon,United States,"Washington,_D.C."
James Whalen,Portland,Oregon,United States,"Washington,_D.C."
Chris Bailey,Portland,Oregon,United States,"Washington,_D.C."
Syl Johnson,Portland,Oregon,United States,"Washington,_D.C."
Don Barclay,Ashland,Oregon,United States,"Washington,_D.C."
Adam Warren,Birmingham,Alabama,United States,"Washington,_D.C."
Frank Cooke,Bismarck,North Dakota,United States,"Washington,_D.C."
Charles Reid,Mont-Tremblant,Laurentides,Canada,Ottawa
David Dahl,Birmingham,"Jefferson County, Alabama",United States,"Washington,_D.C."
Adam Warren,Birmingham,"Shelby County, Alabama",United States,"Washington,_D.C."
Pata,Chiba,Chiba Prefecture,Japan,Tokyo
Joe Williams,Daisy,Georgia (U.S. state),United States,"Washington,_D.C."
Andrew Brown,Chesapeake,Virginia,United States,"Washington,_D.C."
Dan Jennings,Daphne,Alabama,United States,"Washington,_D.C."
"Richmond McDavid Flowers, Jr.",Dothan,Alabama,United States,"Washington,_D.C."
Sean McNamara,Burbank,California,United States,"Washington,_D.C."
Brett Young,Carson,California,United States,"Washington,_D.C."
Chad Allen,Cerritos,California,United States,"Washington,_D.C."
Tim Harris,Compton,California,United States,"Washington,_D.C."
Anthony Johnson,Compton,California,United States,"Washington,_D.C."
Laura Davis,Concord,California,United States,"Washington,_D.C."
Don Rose,Covina,California,United States,"Washington,_D.C."
George Clark,Carthage,Illinois,United States,"Washington,_D.C."
James Whitley,Decatur,Illinois,United States,"Washington,_D.C."
Jerry Lambert,Clyde,Kansas,United States,"Washington,_D.C."
John Doll,Dodge City,Kansas,United States,"Washington,_D.C."
Ben Ryan,Brighton,Michigan,United States,"Washington,_D.C."
Edward Ellis,Coldwater,Michigan,United States,"Washington,_D.C."
Peter Brown,Dearborn,Michigan,United States,"Washington,_D.C."
Heather Williams,Dearborn,Michigan,United States,"Washington,_D.C."
Jessica Smith,Dearborn,Michigan,United States,"Washington,_D.C."
Scott Sanderson,Dearborn,Michigan,United States,"Washington,_D.C."
Kevin Lynch,Bloomington,Minnesota,United States,"Washington,_D.C."
Paul H. Anderson,Eden Prairie,Minnesota,United States,"Washington,_D.C."
Robert Simpson,Bosworth,Missouri,United States,"Washington,_D.C."
Colin Brown,Chillicothe,Missouri,United States,"Washington,_D.C."
Paul Miller,Diamond,Missouri,United States,"Washington,_D.C."
John Kirby,David City,Nebraska,United States,"Washington,_D.C."
Jason Thompson,Camden,New Jersey,United States,"Washington,_D.C."
Lester Smith,Concord,North Carolina,United States,"Washington,_D.C."
Tracy Johnson,Concord,North Carolina,United States,"Washington,_D.C."
Mark Murphy,Canton,Ohio,United States,"Washington,_D.C."
Michael Hawkins,Canton,Ohio,United States,"Washington,_D.C."
Tony King,Canton,Ohio,United States,"Washington,_D.C."
Bob Peterson,Chillicothe,Ohio,United States,"Washington,_D.C."
Ted Lewis,Circleville,Ohio,United States,"Washington,_D.C."
Jane Jacobs,Cuyahoga Falls,Ohio,United States,"Washington,_D.C."
Rick Middleton,Delaware,Ohio,United States,"Washington,_D.C."
Al Michaels,DuBois,Pennsylvania,United States,"Washington,_D.C."
Barbara Morgan,Buffalo,"Wilson County, Kansas",United States,"Washington,_D.C."
David Smith,Decatur,"Adams County, Indiana",United States,"Washington,_D.C."
Bobby Bennett,Burlington,"Alamance County, North Carolina",United States,"Washington,_D.C."
S. John Ross,Cumberland,"Allegany County, Maryland",United States,"Washington,_D.C."
Dan Jennings,Daphne,"Baldwin County, Alabama",United States,"Washington,_D.C."
Jason Thompson,Camden,"Camden County, New Jersey",United States,"Washington,_D.C."
John Jenkins,Bosworth,"Carroll County, Missouri",United States,"Washington,_D.C."
Charles Pinckney,Charleston,"Charleston County, South Carolina",United States,"Washington,_D.C."
Charles Martin,Canton,"Cherokee County, Georgia",United States,"Washington,_D.C."
Justin Lewis,Douglas,"Coffee County, Georgia",United States,"Washington,_D.C."
Jason Carter,Decatur,"DeKalb County, Georgia",United States,"Washington,_D.C."
Randy Scott,Decatur,"DeKalb County, Georgia",United States,"Washington,_D.C."
Scott Taylor,Defiance,"Defiance County, Ohio",United States,"Washington,_D.C."
Mark Slater,Crosby,"Divide County, North Dakota",United States,"Washington,_D.C."
Mike Reilly,Dubuque,"Dubuque County, Iowa",United States,"Washington,_D.C."
Joe Williams,Daisy,"Evans County, Georgia",United States,"Washington,_D.C."
Kevin Patterson,Brunswick,"Glynn County, Georgia",United States,"Washington,_D.C."
John King,Demorest,"Habersham County, Georgia",United States,"Washington,_D.C."
Paul H. Anderson,Eden Prairie,"Hennepin County, Minnesota",United States,"Washington,_D.C."
Mark Wilson,Cottage Grove,"Lane County, Oregon",United States,"Washington,_D.C."
Joseph Abbott,Decatur,"Limestone County, Alabama",United States,"Washington,_D.C."
Jeff Smith,Columbus,"Lowndes County, Mississippi",United States,"Washington,_D.C."
John Smith,Columbus,"Lowndes County, Mississippi",United States,"Washington,_D.C."
Tyson Lee,Columbus,"Lowndes County, Mississippi",United States,"Washington,_D.C."
James Griffin,Camilla,"Mitchell County, Georgia",United States,"Washington,_D.C."
Terry Taylor,Crestview,"Okaloosa County, Florida",United States,"Washington,_D.C."
Scott Gordon,Brockton,"Plymouth County, Massachusetts",United States,"Washington,_D.C."
Chris Bender,Brockton,"Plymouth County, Massachusetts",United States,"Washington,_D.C."
Nancy Wilson,Chillicothe,"Ross County, Ohio",United States,"Washington,_D.C."
Wayne Stevens,Chillicothe,"Ross County, Ohio",United States,"Washington,_D.C."
Thomas Williams,Duluth,"St. Louis County, Minnesota",United States,"Washington,_D.C."
Michael Davies,Chesterfield,"St. Louis County, Missouri",United States,"Washington,_D.C."
Michael Hawkins,Canton,"Stark County, Ohio",United States,"Washington,_D.C."
Steve Miller,Canton,"Stark County, Ohio",United States,"Washington,_D.C."
Mike Barr,Canton,"Stark County, Ohio",United States,"Washington,_D.C."
George Rex,Canton,"Stark County, Ohio",United States,"Washington,_D.C."
Doug Berry,Claremont,"Sullivan County, New Hampshire",United States,"Washington,_D.C."
Paul Collins,Danbury,"Woodbury County, Iowa",United States,"Washington,_D.C."
Leonard Johnson,Clearwater,Florida,United States,"Washington,_D.C."
Aaron Kelly,Davenport,Florida,United States,"Washington,_D.C."
Horace Allen,DeLand,Florida,United States,"Washington,_D.C."
James Wilson,Crawfordsville,Indiana,United States,"Washington,_D.C."
Thomas Andrews,Brockton,Massachusetts,United States,"Washington,_D.C."
Frank Whitney,Brockton,Massachusetts,United States,"Washington,_D.C."
Jeff Smith,Columbus,Mississippi,United States,"Washington,_D.C."
John Smith,Columbus,Mississippi,United States,"Washington,_D.C."
John Kean,Elizabeth,New Jersey,United States,"Washington,_D.C."
James Manning,Elizabeth,New Jersey,United States,"Washington,_D.C."
Jack Marshall,El Dorado,"Butler County, Kansas",United States,"Washington,_D.C."
Roger Marshall,El Dorado,"Butler County, Kansas",United States,"Washington,_D.C."
David Green,Emporia,"Lyon County, Kansas",United States,"Washington,_D.C."
Stephen Lee,Englewood,"Bergen County, New Jersey",United States,"Washington,_D.C."
Ernie Jones,Elkhart,"Elkhart County, Indiana",United States,"Washington,_D.C."
John Morris,Elizabeth,"Union County, New Jersey",United States,"Washington,_D.C."
James Manning,Elizabeth,"Union County, New Jersey",United States,"Washington,_D.C."
John Richardson,Durham,County Durham,United Kingdom,London
William Chapman,Durham,County Durham,United Kingdom,London
Sarah Clark,Durham,County Durham,United Kingdom,London
Joseph Gray,Durham,County Durham,United Kingdom,London
Christian Taylor,Fayetteville,Georgia (U.S. state),United States,"Washington,_D.C."
Andrew Adams,Fayetteville,Georgia (U.S. state),United States,"Washington,_D.C."
Corey Johnson,Forest Park,Georgia (U.S. state),United States,"Washington,_D.C."
John King,Gainesville,Georgia (U.S. state),United States,"Washington,_D.C."
Patrick Johnson,Gainesville,Georgia (U.S. state),United States,"Washington,_D.C."
Josh Fields,Hull,Georgia (U.S. state),United States,"Washington,_D.C."
Chris Beck,Jefferson,Georgia (U.S. state),United States,"Washington,_D.C."
Chris Ellis,Hampton,Virginia,United States,"Washington,_D.C."
Kevin Mitchell,Harrisburg,"Cumberland County, Pennsylvania",United States,"Washington,_D.C."
Kris Wilson,Harrisburg,"Cumberland County, Pennsylvania",United States,"Washington,_D.C."
Jennifer Brady,Harrisburg,"Cumberland County, Pennsylvania",United States,"Washington,_D.C."
Mike Regan,Harrisburg,"Cumberland County, Pennsylvania",United States,"Washington,_D.C."
Walter Gilbert,Fairfield,Alabama,United States,"Washington,_D.C."
Mark Thompson,Florence,Alabama,United States,"Washington,_D.C."
Stacy Jones,Gadsden,Alabama,United States,"Washington,_D.C."
Roger Brown,Hamilton,Alabama,United States,"Washington,_D.C."
Mick Jenkins,Huntsville,Alabama,United States,"Washington,_D.C."
Terry Owens,Jasper,Alabama,United States,"Washington,_D.C."
Jim Walkup,Havana,Arkansas,United States,"Washington,_D.C."
Gauge,Hot Springs,Arkansas,United States,"Washington,_D.C."
James White,Hot Springs,Arkansas,United States,"Washington,_D.C."
Billy Taylor,Hoxie,Arkansas,United States,"Washington,_D.C."
Robert Thomas,Jacksonville,Arkansas,United States,"Washington,_D.C."
Alex Kim,Fullerton,California,United States,"Washington,_D.C."
Chris Holmes,Glendale,California,United States,"Washington,_D.C."
Bryan Taylor,Hanford,California,United States,"Washington,_D.C."
Keith Johnson,Hanford,California,United States,"Washington,_D.C."
Tim Scott,Hanford,California,United States,"Washington,_D.C."
Mark Lee,Inglewood,California,United States,"Washington,_D.C."
Sabi,Inglewood,California,United States,"Washington,_D.C."
Sabi,Inglewood,California,United States,"Washington,_D.C."
Christian Friedrich,Evanston,Illinois,United States,"Washington,_D.C."
Brandon Brown,Houma,Louisiana,United States,"Washington,_D.C."
James Young,Flint,Michigan,United States,"Washington,_D.C."
Charles Smith,Flint,Michigan,United States,"Washington,_D.C."
John Sanders,Grand Island,Nebraska,United States,"Washington,_D.C."
Joe Harris,Fayetteville,North Carolina,United States,"Washington,_D.C."
Eric Hicks,Greensboro,North Carolina,United States,"Washington,_D.C."
Jerry Ellis,Hugo,Oklahoma,United States,"Washington,_D.C."
Kevin Mitchell,Harrisburg,Pennsylvania,United States,"Washington,_D.C."
Ian Williams,Johnstown,Pennsylvania,United States,"Washington,_D.C."
John Walker,Johnstown,Pennsylvania,United States,"Washington,_D.C."
Robert Baker,Gainesville,"Alachua County, Florida",United States,"Washington,_D.C."
Paul Drayton,Glen Cove,"Nassau County, New York",United States,"Washington,_D.C."
Mark Lewis,Hamilton,"Butler County, Ohio",United States,"Washington,_D.C."
John Woods,Johnstown,"Cambria County, Pennsylvania",United States,"Washington,_D.C."
Frank Burns,Johnstown,"Cambria County, Pennsylvania",United States,"Washington,_D.C."
Douglas Miller,Johnstown,"Cambria County, Pennsylvania",United States,"Washington,_D.C."
Charles Dudley,Harrisburg,"Dauphin County, Pennsylvania",United States,"Washington,_D.C."
Timothy Davis,Gloucester,"Essex County, Massachusetts",United States,"Washington,_D.C."
James Carr,Haverhill,"Essex County, Massachusetts",United States,"Washington,_D.C."
Calvin Russell,Fairburn,"Fulton County, Georgia",United States,"Washington,_D.C."
Thomas Brown,Galveston,"Galveston County, Texas",United States,"Washington,_D.C."
Jack Keenan,Greensboro,"Guilford County, North Carolina",United States,"Washington,_D.C."
Henry Williams,Greensboro,"Hale County, Alabama",United States,"Washington,_D.C."
Matt McClure,Gainesville,"Hall County, Georgia",United States,"Washington,_D.C."
Jennifer Taylor,Hoboken,"Hudson County, New Jersey",United States,"Washington,_D.C."
Richard Jordan,Holdenville,"Hughes County, Oklahoma",United States,"Washington,_D.C."
Chris Beck,Jefferson,"Jackson County, Georgia",United States,"Washington,_D.C."
Walter Gilbert,Fairfield,"Jefferson County, Alabama",United States,"Washington,_D.C."
Derrick Graham,Groveland,"Lake County, Florida",United States,"Washington,_D.C."
Margaret Craven,Helena,"Lewis and Clark County, Montana",United States,"Washington,_D.C."
Roger Brown,Hamilton,"Marion County, Alabama",United States,"Washington,_D.C."
Jim Lind,Isle,"Mille Lacs County, Minnesota",United States,"Washington,_D.C."
Brandon Smith,Hazard,"Perry County, Kentucky",United States,"Washington,_D.C."
Mary Lambert,Helena,"Phillips County, Arkansas",United States,"Washington,_D.C."
John Hancock,Hazen,"Prairie County, Arkansas",United States,"Washington,_D.C."
John Brewer,Griffin,"Spalding County, Georgia",United States,"Washington,_D.C."
Richie Cunningham,Houma,"Terrebonne Parish, Louisiana",United States,"Washington,_D.C."
Robert Jones,Jeffersonville,"Twiggs County, Georgia",United States,"Washington,_D.C."
Dan Miller,Highland Park,"Wayne County, Michigan",United States,"Washington,_D.C."
Peter Marshall,Huntington,"Wayne County, West Virginia",United States,"Washington,_D.C."
Craig Johnson,Huntington,"Wayne County, West Virginia",United States,"Washington,_D.C."
Jimmy Stewart,Huntington,"Wayne County, West Virginia",United States,"Washington,_D.C."
Michael Ray,Eustis,Florida,United States,"Washington,_D.C."
Ryan McIntosh,Hollywood,Florida,United States,"Washington,_D.C."
John Bowers,Garrett,Indiana,United States,"Washington,_D.C."
Jeremy Jordan,Hammond,Indiana,United States,"Washington,_D.C."
Jeremy Jordan,Hammond,Indiana,United States,"Washington,_D.C."
Alan Campbell,Homestead,"Miami-Dade County, Florida",United States,"Washington,_D.C."
Ryan McIntosh,Hollywood,"Broward County, Florida",United States,"Washington,_D.C."
Jack Ryan,Haverhill,Massachusetts,United States,"Washington,_D.C."
Carlos Antoine Emmons,Greenwood,Mississippi,United States,"Washington,_D.C."
Robert Kent,Indianola,Mississippi,United States,"Washington,_D.C."
James Anderson,Junction City,Arkansas,United States,"Washington,_D.C."
Jimmy Smith,Kankakee,Illinois,United States,"Washington,_D.C."
Al Smith,Kirkwood,Missouri,United States,"Washington,_D.C."
Lou Brock,Kalamazoo,"Kalamazoo County, Michigan",United States,"Washington,_D.C."
Jimmy Smith,Kankakee,"Kankakee County, Illinois",United States,"Washington,_D.C."
Brandon Williams,Kirkwood,"St. Louis County, Missouri",United States,"Washington,_D.C."
Brett Williams (American football),Kissimmee,Florida,United States,"Washington,_D.C."
David Robinson,Key West,Florida,United States,"Washington,_D.C."
John Patterson,Key West,Florida,United States,"Washington,_D.C."
John Elliott,Keosauqua,Iowa,United States,"Washington,_D.C."
Frank Holder,Georgetown,Demerara-Mahaica,Guyana,"Georgetown,_Guyana"
Troy Davis,Lawrenceville,Georgia (U.S. state),United States,"Washington,_D.C."
Mark Thomas,Lilburn,Georgia (U.S. state),United States,"Washington,_D.C."
Bill Copeland,Lilburn,Georgia (U.S. state),United States,"Washington,_D.C."
George Foster,Macon,Georgia (U.S. state),United States,"Washington,_D.C."
Vernon Smith,Macon,Georgia (U.S. state),United States,"Washington,_D.C."
William Lindsay,Lexington,Virginia,United States,"Washington,_D.C."
Mike Hubbard,Lynchburg,Virginia,United States,"Washington,_D.C."
George Adams,Lynchburg,Virginia,United States,"Washington,_D.C."
Chris Cook,Lynchburg,Virginia,United States,"Washington,_D.C."
Tyler Wilson,Lynchburg,Virginia,United States,"Washington,_D.C."
Walter Schmidt,London,Arkansas,United States,"Washington,_D.C."
Jack Haley,Long Beach,California,United States,"Washington,_D.C."
Brad Wilson,Long Beach,California,United States,"Washington,_D.C."
Jack Smith,Long Beach,California,United States,"Washington,_D.C."
James McDonald,Long Beach,California,United States,"Washington,_D.C."
Ted Robinson,Long Beach,California,United States,"Washington,_D.C."
Jon Bentley,Long Beach,California,United States,"Washington,_D.C."
Gary Holman,Long Beach,California,United States,"Washington,_D.C."
Josh Zuckerman,Los Alamitos,California,United States,"Washington,_D.C."
Jake Scott,Lewiston,Idaho,United States,"Washington,_D.C."
Lawrence Brown,Lawrence,Kansas,United States,"Washington,_D.C."
Chris Brown,Liberal,Kansas,United States,"Washington,_D.C."
Jim Jones,London,Kentucky,United States,"Washington,_D.C."
Jack Conway,Louisville,Kentucky,United States,"Washington,_D.C."
Mary Fisher,Louisville,Kentucky,United States,"Washington,_D.C."
Joel Parker,Louisville,Kentucky,United States,"Washington,_D.C."
Michael Williams,Louisville,Kentucky,United States,"Washington,_D.C."
Larry Clark,Louisville,Kentucky,United States,"Washington,_D.C."
Cameron Watson,Louisville,Kentucky,United States,"Washington,_D.C."
Bill White,Louisville,Kentucky,United States,"Washington,_D.C."
Robert Manning,Manchester,Kentucky,United States,"Washington,_D.C."
Joe Thomas,Lafayette,Louisiana,United States,"Washington,_D.C."
Keith Thibodeaux,Lafayette,Louisiana,United States,"Washington,_D.C."
Reggie Williams,Lake Charles,Louisiana,United States,"Washington,_D.C."
Ron Miller,Lake Charles,Louisiana,United States,"Washington,_D.C."
Christopher Stone,Manchester,New Hampshire,United States,"Washington,_D.C."
Ken Wood,Lincolnton,North Carolina,United States,"Washington,_D.C."
Lindsay Davis,Lakewood,Ohio,United States,"Washington,_D.C."
Mary Lawrence,Lorain,Ohio,United States,"Washington,_D.C."
Chris Brown,Liberal,"Seward County, Kansas",United States,"Washington,_D.C."
Travis Walton,Lima,"Allen County, Ohio",United States,"Washington,_D.C."
George Foster,Macon,"Bibb County, Georgia",United States,"Washington,_D.C."
Leon Williams,Macon,"Bibb County, Georgia",United States,"Washington,_D.C."
Craig Stevens,Liberty,"Clay County, Missouri",United States,"Washington,_D.C."
Robert Wright,Lawton,"Comanche County, Oklahoma",United States,"Washington,_D.C."
Benjamin Curtis,Lawton,"Comanche County, Oklahoma",United States,"Washington,_D.C."
Imran Khan,Madison,"Dane County, Wisconsin",United States,"Washington,_D.C."
Blake Young,Madison,"Dane County, Wisconsin",United States,"Washington,_D.C."
Pierre Bernard,Leon,"Decatur County, Iowa",United States,"Washington,_D.C."
Bill Cronin,Lawrence,"Essex County, Massachusetts",United States,"Washington,_D.C."
Albert Cole,Lynn,"Essex County, Massachusetts",United States,"Washington,_D.C."
Kathy Sullivan,Manchester,"Hillsborough County, New Hampshire",United States,"Washington,_D.C."
Christopher Stone,Manchester,"Hillsborough County, New Hampshire",United States,"Washington,_D.C."
George Benson,Madison,"Jefferson County, Indiana",United States,"Washington,_D.C."
Mary Fisher,Louisville,"Jefferson County, Kentucky",United States,"Washington,_D.C."
Joel Parker,Louisville,"Jefferson County, Kentucky",United States,"Washington,_D.C."
Bill White,Louisville,"Jefferson County, Kentucky",United States,"Washington,_D.C."
Rick Wilson,Louisville,"Jefferson County, Kentucky",United States,"Washington,_D.C."
Stephen Jones,Lafayette,"Lafayette Parish, Louisiana",United States,"Washington,_D.C."
Randy Brown,Leesburg,"Lake County, Florida",United States,"Washington,_D.C."
Roy Rogers,Linden,"Marengo County, Alabama",United States,"Washington,_D.C."
John Miller,Lowell,"Middlesex County, Massachusetts",United States,"Washington,_D.C."
John Grady,Lowell,"Middlesex County, Massachusetts",United States,"Washington,_D.C."
Frank Wilson,Malden,"Middlesex County, Massachusetts",United States,"Washington,_D.C."
Dusty Miller,Malvern,"Mills County, Iowa",United States,"Washington,_D.C."
Mike Fellows,Lewiston,"Nez Perce County, Idaho",United States,"Washington,_D.C."
Frank Sawyer,Mansfield,"Richland County, Ohio",United States,"Washington,_D.C."
Bob Simmons,Livingston,"Sumter County, Alabama",United States,"Washington,_D.C."
Chris Conrad,Lafayette,"Tippecanoe County, Indiana",United States,"Washington,_D.C."
Jonathan Johnson,LaGrange,"Troup County, Georgia",United States,"Washington,_D.C."
Kevin Dean,Madison,Wisconsin,United States,"Washington,_D.C."
Bill Foster,Madison,Wisconsin,United States,"Washington,_D.C."
Bill Collins,Madison,Wisconsin,United States,"Washington,_D.C."
Richard Young,Kissimmee,Florida,United States,"Washington,_D.C."
Scott Adams,Lake City,Florida,United States,"Washington,_D.C."
Jerry Johnson,Linn Grove,Iowa,United States,"Washington,_D.C."
Dusty Miller,Malvern,Iowa,United States,"Washington,_D.C."
Bill Cronin,Lawrence,Massachusetts,United States,"Washington,_D.C."
Tim Callahan,Lawrence,Massachusetts,United States,"Washington,_D.C."
John Miller,Lowell,Massachusetts,United States,"Washington,_D.C."
Ed Flanagan,Lowell,Massachusetts,United States,"Washington,_D.C."
David Robinson,Malden,Massachusetts,United States,"Washington,_D.C."
Andy Kennedy,Louisville,Mississippi,United States,"Washington,_D.C."
Dick Smith,Lebanon,Oregon,United States,"Washington,_D.C."
William Wynne,Marietta,Georgia (U.S. state),United States,"Washington,_D.C."
Richard Shelton,Marietta,Georgia (U.S. state),United States,"Washington,_D.C."
Eric Harris,Marietta,Georgia (U.S. state),United States,"Washington,_D.C."
Chuck Moore,Marianna,Arkansas,United States,"Washington,_D.C."
Jim O'Brien,Maplewood,Minnesota,United States,"Washington,_D.C."
David Hale,Marietta,"Cobb County, Georgia",United States,"Washington,_D.C."
Brian Moore,Maquoketa,"Jackson County, Iowa",United States,"Washington,_D.C."
Hugh Douglas,Mansfield,"Richland County, Ohio",United States,"Washington,_D.C."
Billy Burns,Marietta,Georgia (U.S. state),United States,"Washington,_D.C."
Steve Sanders,Richland,Georgia (U.S. state),United States,"Washington,_D.C."
Michael Thompson,Savannah,Georgia (U.S. state),United States,"Washington,_D.C."
David Porter,Memphis,Tennessee,United States,"Washington,_D.C."
Greg Davis,Memphis,Tennessee,United States,"Washington,_D.C."
Jim Walsh,Norfolk,Virginia,United States,"Washington,_D.C."
Mark West,Petersburg,Virginia,United States,"Washington,_D.C."
Alan Campbell,Richmond,Virginia,United States,"Washington,_D.C."
Michael Foster,Richmond,Virginia,United States,"Washington,_D.C."
Helen Smith,Richmond,Virginia,United States,"Washington,_D.C."
Chris Booker,Monroeville,Alabama,United States,"Washington,_D.C."
Taylor Thompson,Montgomery,Alabama,United States,"Washington,_D.C."
John Cunningham,Montgomery,Alabama,United States,"Washington,_D.C."
James Joseph,Phenix City,Alabama,United States,"Washington,_D.C."
Savannah,Mission Viejo,California,United States,"Washington,_D.C."
Jackie Warner,Monrovia,California,United States,"Washington,_D.C."
Ian Johnson,Monrovia,California,United States,"Washington,_D.C."
John Larkin,Oakland,California,United States,"Washington,_D.C."
Scott Ross,Sacramento,California,United States,"Washington,_D.C."
Andre Schmid,Sacramento,California,United States,"Washington,_D.C."
Kevin Murphy,San Clemente,California,United States,"Washington,_D.C."
Kyle Williams,San Jose,California,United States,"Washington,_D.C."
Tony Ward,San Jose,California,United States,"Washington,_D.C."
Colin Long,Santa Ana,California,United States,"Washington,_D.C."
Peter Buck,South Portland,Maine,United States,"Washington,_D.C."
Guy Sparrow,Pontiac,Michigan,United States,"Washington,_D.C."
Matt Bell,Saginaw,Michigan,United States,"Washington,_D.C."
Paul Young,Melrose,Minnesota,United States,"Washington,_D.C."
Jason Blake,Moorhead,Minnesota,United States,"Washington,_D.C."
Malcolm Williams,Spring Valley,Minnesota,United States,"Washington,_D.C."
Jack Little,Missoula,Montana,United States,"Washington,_D.C."
Frank Smith,Poplar,Montana,United States,"Washington,_D.C."
Jim Gibbons,Sparks,Nevada,United States,"Washington,_D.C."
William Bates,Newark,New Jersey,United States,"Washington,_D.C."
Larry Young,Newark,New Jersey,United States,"Washington,_D.C."
Theodore Taylor,Statesville,North Carolina,United States,"Washington,_D.C."
Matt McCall,Statesville,North Carolina,United States,"Washington,_D.C."
Harrison Gray Otis,Marietta,Ohio,United States,"Washington,_D.C."
Jason Wilson,Martins Ferry,Ohio,United States,"Washington,_D.C."
Danny Doyle,McLoud,Oklahoma,United States,"Washington,_D.C."
Jason Wilson,Martins Ferry,"Belmont County, Ohio",United States,"Washington,_D.C."
Brian Carpenter,Melbourne,"Brevard County, Florida",United States,"Washington,_D.C."
Henry Williams,Taunton,"Bristol County, Massachusetts",United States,"Washington,_D.C."
Tony Franklin,Princeton,"Caldwell County, Kentucky",United States,"Washington,_D.C."
Michael Thompson,Savannah,"Chatham County, Georgia",United States,"Washington,_D.C."
Tyrell Johnson,Rison,"Cleveland County, Arkansas",United States,"Washington,_D.C."
Adam Morgan,Marietta,"Cobb County, Georgia",United States,"Washington,_D.C."
Pierce Butler,Rosemount,"Dakota County, Minnesota",United States,"Washington,_D.C."
Arthur Walsh,Newark,"Essex County, New Jersey",United States,"Washington,_D.C."
Roger LeClerc,Springfield,"Hampden County, Massachusetts",United States,"Washington,_D.C."
Gary Walker,Royston,"Hart County, Georgia",United States,"Washington,_D.C."
George Kennan,Norwalk,"Huron County, Ohio",United States,"Washington,_D.C."
Alan Curtis,Mason,"Ingham County, Michigan",United States,"Washington,_D.C."
Andrew Evans,Portage,"Kalamazoo County, Michigan",United States,"Washington,_D.C."
Gary Walker,Royston,"Madison County, Georgia",United States,"Washington,_D.C."
Bob Allen,Marion,"Marion County, Ohio",United States,"Washington,_D.C."
Joe Harris,Melrose,"Middlesex County, Massachusetts",United States,"Washington,_D.C."
James Logue,Melrose,"Middlesex County, Massachusetts",United States,"Washington,_D.C."
Tim Burke,Melrose,"Middlesex County, Massachusetts",United States,"Washington,_D.C."
Bob Emery,Somerville,"Middlesex County, Massachusetts",United States,"Washington,_D.C."
Rod Smith,Texarkana,"Miller County, Arkansas",United States,"Washington,_D.C."
John Chandler,New London,"New London County, Connecticut",United States,"Washington,_D.C."
William Jones,Newport,"Newport County, Rhode Island",United States,"Washington,_D.C."
Colin Stuart,Rochester,"Olmsted County, Minnesota",United States,"Washington,_D.C."
Greg Orton,Nebraska City,"Otoe County, Nebraska",United States,"Washington,_D.C."
Bud Thomas,Sedalia,"Pettis County, Missouri",United States,"Washington,_D.C."
Terry Johnson,Portsmouth,"Scioto County, Ohio",United States,"Washington,_D.C."
Andy Cook,Memphis,"Shelby County, Tennessee",United States,"Washington,_D.C."
David Nelson,Pendleton,"Umatilla County, Oregon",United States,"Washington,_D.C."
Bill Thompson,Terre Haute,"Vigo County, Indiana",United States,"Washington,_D.C."
Christian Thompson,Melbourne,Florida,United States,"Washington,_D.C."
Carl Wright,Orlando,Florida,United States,"Washington,_D.C."
Barry Jones,Richmond,Indiana,United States,"Washington,_D.C."
Steve Nemeth,South Bend,Indiana,United States,"Washington,_D.C."
Daniel Davis,South Bend,Indiana,United States,"Washington,_D.C."
Charles Butterworth,South Bend,Indiana,United States,"Washington,_D.C."
Elliot Johnson,Safford,Arizona,United States,"Washington,_D.C."
Charles Hudson,Marlborough,Massachusetts,United States,"Washington,_D.C."
John Buckley,Marlborough,Massachusetts,United States,"Washington,_D.C."
Robert Preston,Newton,Massachusetts,United States,"Washington,_D.C."
William Miller,Pittsfield,Massachusetts,United States,"Washington,_D.C."
William Rice,Springfield,Massachusetts,United States,"Washington,_D.C."
Richard Harvey,Pascagoula,Mississippi,United States,"Washington,_D.C."
Steve Conway,Ontario,Oregon,United States,"Washington,_D.C."
Michael Palmer,Tucker,Georgia (U.S. state),United States,"Washington,_D.C."
Aaron Jones,Tuscaloosa,Alabama,United States,"Washington,_D.C."
Sheila Armstrong,Upland,California,United States,"Washington,_D.C."
Jim Ellis,Tulare,California,United States,"Washington,_D.C."
Kevin Johnson,Trenton,New Jersey,United States,"Washington,_D.C."
Aaron Walker,Titusville,"Brevard County, Florida",United States,"Washington,_D.C."
Jack Gardner,Texico,"Curry County, New Mexico",United States,"Washington,_D.C."
Catherine Cox,Toledo,"Lucas County, Ohio",United States,"Washington,_D.C."
Christopher Moore,Toledo,"Lucas County, Ohio",United States,"Washington,_D.C."
Charles Miller,Tompkinsville,"Monroe County, Kentucky",United States,"Washington,_D.C."
Thelma Harper,Brentwood,Tennessee,United States,"Washington,_D.C."
Jerry Anderson,Murfreesboro,Tennessee,United States,"Washington,_D.C."
John Barnhill,Savannah,Tennessee,United States,"Washington,_D.C."
Guy Morgan,Virginia Beach,Virginia,United States,"Washington,_D.C."
John Davenport,Winchester,Virginia,United States,"Washington,_D.C."
Wayne Jackson,West Memphis,Arkansas,United States,"Washington,_D.C."
Steve Scott,Upland,California,United States,"Washington,_D.C."
Ross Harris,Ventura,California,United States,"Washington,_D.C."
Raven,Victorville,California,United States,"Washington,_D.C."
Matthew Wood,Walnut Creek,California,United States,"Washington,_D.C."
Jack Barry,Meriden,Connecticut,United States,"Washington,_D.C."
Michael O'Donnell,Wichita,Kansas,United States,"Washington,_D.C."
XV,Wichita,Kansas,United States,"Washington,_D.C."
Jeremy Bates,Manhattan,Kansas,United States,"Washington,_D.C."
Bert Pearson,Manhattan,Kansas,United States,"Washington,_D.C."
Daniel Welch,Hastings,Minnesota,United States,"Washington,_D.C."
James Black,Hackensack,New Jersey,United States,"Washington,_D.C."
Gordon Kirkland,Durham,North Carolina,United States,"Washington,_D.C."
Roger Carter,Sandusky,Ohio,United States,"Washington,_D.C."
John Barr,Shamokin,Pennsylvania,United States,"Washington,_D.C."
Dave Williams,Scranton,Pennsylvania,United States,"Washington,_D.C."
Richard Hart,Providence,Rhode Island,United States,"Washington,_D.C."
David Ball,Rock Hill,South Carolina,United States,"Washington,_D.C."
Preston Jones,Anderson,South Carolina,United States,"Washington,_D.C."
Tony Stewart,Chester,South Carolina,United States,"Washington,_D.C."
Billy Williams,Newberry,South Carolina,United States,"Washington,_D.C."
John Wilson,Seneca,South Carolina,United States,"Washington,_D.C."
William Elliott,Beaufort,"Beaufort County, South Carolina",United States,"Washington,_D.C."
David Cobb,Killeen,"Bell County, Texas",United States,"Washington,_D.C."
Crowder,Texarkana,"Bowie County, Texas",United States,"Washington,_D.C."
Michael DeForest Wilson,Wilmington,"Clinton County, Ohio",United States,"Washington,_D.C."
John B. Jones,Mitchell,"Davison County, South Dakota",United States,"Washington,_D.C."
Tony Baker,High Point,"Forsyth County, North Carolina",United States,"Washington,_D.C."
Harry Wilson,Johnstown (city),"Fulton County, New York",United States,"Washington,_D.C."
Terry Jackson,Sherman,"Grayson County, Texas",United States,"Washington,_D.C."
Michael Huey,Longview,"Gregg County, Texas",United States,"Washington,_D.C."
William Hayes,High Point,"Guilford County, North Carolina",United States,"Washington,_D.C."
Jim Stewart,Middleton,"Hardeman County, Tennessee",United States,"Washington,_D.C."
Brian Johnson,Baytown,"Harris County, Texas",United States,"Washington,_D.C."
Bob Wilson,Clarksburg,"Harrison County, West Virginia",United States,"Washington,_D.C."
John Palmer,Kingsport,"Hawkins County, Tennessee",United States,"Washington,_D.C."
George Pratt,Beaumont,"Jefferson County, Texas",United States,"Washington,_D.C."
Dick Campbell,Beaumont,"Jefferson County, Texas",United States,"Washington,_D.C."
Richard Carey,Waterville,"Kennebec County, Maine",United States,"Washington,_D.C."
Harry Thompson,Nanticoke,"Luzerne County, Pennsylvania",United States,"Washington,_D.C."
Jeff Austin,Waltham,"Middlesex County, Massachusetts",United States,"Washington,_D.C."
Kyle York,Cameron,"Milam County, Texas",United States,"Washington,_D.C."
Kyle Bennett,Conroe,"Montgomery County, Texas",United States,"Washington,_D.C."
Bryan Smith,Newton,"Newton County, Texas",United States,"Washington,_D.C."
Mike Morris,Braintree,"Norfolk County, Massachusetts",United States,"Washington,_D.C."
Ben Robertson,Clemson,"Pickens County, South Carolina",United States,"Washington,_D.C."
Jason Johnson,Tacoma,"Pierce County, Washington",United States,"Washington,_D.C."
Steve Wilkinson (tennis),Sioux City,"Plymouth County, Iowa",United States,"Washington,_D.C."
Richard Hart,Providence,"Providence County, Rhode Island",United States,"Washington,_D.C."
Greg Jackson,Augusta,"Richmond County, Georgia",United States,"Washington,_D.C."
Chris Brown,Augusta,"Richmond County, Georgia",United States,"Washington,_D.C."
Eric Alexander,Tyler,"Smith County, Texas",United States,"Washington,_D.C."
Don Cherry,Wichita Falls,Texas,United States,"Washington,_D.C."
Rebecca Robinson,Buffalo,Texas,United States,"Washington,_D.C."
John Boles,Greenville,Texas,United States,"Washington,_D.C."
John Boles,Greenville,Texas,United States,"Washington,_D.C."
Craig James,Jacksonville,Texas,United States,"Washington,_D.C."
Craig Johnson,Kermit,Texas,United States,"Washington,_D.C."
Crowder,Texarkana,Texas,United States,"Washington,_D.C."
Scott Perry,Denison,Texas,United States,"Washington,_D.C."
Michael Huey,Longview,Texas,United States,"Washington,_D.C."
Brett Anderson,Midland,Texas,United States,"Washington,_D.C."
Basil Mitchell,Pittsburg,Texas,United States,"Washington,_D.C."
Charles Williams,San Angelo,"Tom Green County, Texas",United States,"Washington,_D.C."
Joe Thomas,Warren,"Trumbull County, Ohio",United States,"Washington,_D.C."
Thomas Scott,Warren,"Trumbull County, Ohio",United States,"Washington,_D.C."
Andrew Taylor,Durham,"Wake County, North Carolina",United States,"Washington,_D.C."
Eric Moe,Durham,"Wake County, North Carolina",United States,"Washington,_D.C."
Mark Lee,Williston,"Williams County, North Dakota",United States,"Washington,_D.C."
Curt Hansen,Hartford,Wisconsin,United States,"Washington,_D.C."
Tom McNamara,Worcester,"Worcester County, Massachusetts",United States,"Washington,_D.C."
Tim Collins,Worcester,"Worcester County, Massachusetts",United States,"Washington,_D.C."
Dwight Foster,Worcester,"Worcester County, Massachusetts",United States,"Washington,_D.C."
Chris Jennings,Yuma,"Yuma County, Arizona",United States,"Washington,_D.C."
Arthur Lake,Corbin,"Knox County, Kentucky",United States,"Washington,_D.C."
John Conte,Palmer,Massachusetts,United States,"Washington,_D.C."
Willie Brown,Yazoo City,Mississippi,United States,"Washington,_D.C."
Michael Jackson,Pasco,Washington (state),United States,"Washington,_D.C."
Robert Hutchinson,Tacoma,Washington (state),United States,"Washington,_D.C."
Tim O'Brien,Wheeling,West Virginia,United States,"Washington,_D.C."
Chara,Kawaguchi,Saitama Prefecture,Japan,Tokyo
Doug Sutherland,Superior,"Douglas County, Wisconsin",United States,"Washington,_D.C."
Lee Evans,Sandusky,"Erie County, Ohio",United States,"Washington,_D.C."
Tim O'Brien,Wheeling,"Ohio County, West Virginia",United States,"Washington,_D.C."
Robert C. Osborn,Oshkosh,"Winnebago County, Wisconsin",United States,"Washington,_D.C."
Cozy Dolan,Oshkosh,"Winnebago County, Wisconsin",United States,"Washington,_D.C."
André Bernier,Windsor,Estrie,Canada,Ottawa
Michael Hicks,Barnesville,Georgia (U.S. state),United States,"Washington,_D.C."
Jim Arnold,Dalton,Georgia (U.S. state),United States,"Washington,_D.C."
Kem,Nashville,Tennessee,United States,"Washington,_D.C."
Robert Adams,Danville,Virginia,United States,"Washington,_D.C."
Jim Price,Harrisburg,"Cumberland County, Pennsylvania",United States,"Washington,_D.C."
Chris White,Mobile,Alabama,United States,"Washington,_D.C."
Terrence Lewis,Birmingham,Alabama,United States,"Washington,_D.C."
Edwin Anderson,Eutaw,Alabama,United States,"Washington,_D.C."
Bill Green,Gadsden,Alabama,United States,"Washington,_D.C."
Ben Smith,Haleyville,Alabama,United States,"Washington,_D.C."
Gary Wilson,Camden,Arkansas,United States,"Washington,_D.C."
Jesse James,Palm Springs,California,United States,"Washington,_D.C."
Johnny Burke,Antioch,California,United States,"Washington,_D.C."
Marty Barrett,Arcadia,California,United States,"Washington,_D.C."
David Fitzgerald,Clovis,California,United States,"Washington,_D.C."
Eric Matthews,Compton,California,United States,"Washington,_D.C."
John Beck,Hayward,California,United States,"Washington,_D.C."
James Foley,Evanston,Illinois,United States,"Washington,_D.C."
Brad Hill,Galva,Kansas,United States,"Washington,_D.C."
Dennis Scott,Hagerstown,Maryland,United States,"Washington,_D.C."
Chris Wright,Bowie,Maryland,United States,"Washington,_D.C."
Steve Morrison,Birmingham,Michigan,United States,"Washington,_D.C."
Jack Glover,Golden Valley,Minnesota,United States,"Washington,_D.C."
Gary Lee,Fargo,North Dakota,United States,"Washington,_D.C."
Jim Pederson,Harvey,North Dakota,United States,"Washington,_D.C."
Frank Moore,Dover,Ohio,United States,"Washington,_D.C."
Tommy Jones,Eaton,Ohio,United States,"Washington,_D.C."
Tony Fisher,Euclid,Ohio,United States,"Washington,_D.C."
Terry Kennedy,Euclid,Ohio,United States,"Washington,_D.C."
Carl Jones,Garfield Heights,Ohio,United States,"Washington,_D.C."
Sam Harris,Cushing,Oklahoma,United States,"Washington,_D.C."
John Brackenridge,Harrisburg,Pennsylvania,United States,"Washington,_D.C."
Jordan Hill,Harrisburg,Pennsylvania,United States,"Washington,_D.C."
Jim Price,Harrisburg,Pennsylvania,United States,"Washington,_D.C."
Oscar Johnson,Atchison,"Atchison County, Kansas",United States,"Washington,_D.C."
Jackie Simpson,Corinth,"Alcorn County, Mississippi",United States,"Washington,_D.C."
Earl Thomas,Ashland,"Ashland County, Ohio",United States,"Washington,_D.C."
Dave Stapleton,Fairhope,"Baldwin County, Alabama",United States,"Washington,_D.C."
Anthony Lazzaro,Charleston,"Berkeley County, South Carolina",United States,"Washington,_D.C."
Dick Hanley,Cloquet,"Carlton County, Minnesota",United States,"Washington,_D.C."
Brian Lee,Fargo,"Cass County, North Dakota",United States,"Washington,_D.C."
Harold Young,Portland,"Clackamas County, Oregon",United States,"Washington,_D.C."
Charlie Rose,Fayetteville,"Cumberland County, North Carolina",United States,"Washington,_D.C."
David Fischer,Apple Valley,"Dakota County, Minnesota",United States,"Washington,_D.C."
Wesley Johnson,Nashville,"Davidson County, Tennessee",United States,"Washington,_D.C."
Nick Rogers,East Point,"Fulton County, Georgia",United States,"Washington,_D.C."
William Herndon,Greensburg,"Green County, Kentucky",United States,"Washington,_D.C."
Carl Henry,Hollis,"Harmon County, Oklahoma",United States,"Washington,_D.C."
Al Richardson,Abbeville,"Henry County, Alabama",United States,"Washington,_D.C."
William Gaines,Jackson,"Hinds County, Mississippi",United States,"Washington,_D.C."
Terry Allen,Commerce,"Jackson County, Georgia",United States,"Washington,_D.C."
George Atkins,Birmingham,"Jefferson County, Alabama",United States,"Washington,_D.C."
Bryan Thomas,Birmingham,"Jefferson County, Alabama",United States,"Washington,_D.C."
John Farrell,Covington,"Kenton County, Kentucky",United States,"Washington,_D.C."
Jack Lawrence,Covington,"Kenton County, Kentucky",United States,"Washington,_D.C."
Thomas Jeter,Florence,"Lauderdale County, Alabama",United States,"Washington,_D.C."
Anthony Henry,Fort Myers,"Lee County, Florida",United States,"Washington,_D.C."
John Sawyer,Brookhaven,"Lincoln County, Mississippi",United States,"Washington,_D.C."
John Sawyer,Brookhaven,"Lincoln County, Mississippi",United States,"Washington,_D.C."
Richard Peck,Decatur,"Macon County, Illinois",United States,"Washington,_D.C."
David Alexander,Jackson,"Madison County, Mississippi",United States,"Washington,_D.C."
Ken Morgan,Columbia,"Marion County, Mississippi",United States,"Washington,_D.C."
Jack Coleman,Burgin,"Mercer County, Kentucky",United States,"Washington,_D.C."
J. J. Johnson,Mobile,"Mobile County, Alabama",United States,"Washington,_D.C."
Willie Anderson,Mobile,"Mobile County, Alabama",United States,"Washington,_D.C."
Tommy Jones,Eaton,"Preble County, Ohio",United States,"Washington,_D.C."
John Zimmerman,Birmingham,"Shelby County, Alabama",United States,"Washington,_D.C."
Richard Waldron,Dover,"Strafford County, New Hampshire",United States,"Washington,_D.C."
Jonathan Murphy,Arlington,"Tarrant County, Texas",United States,"Washington,_D.C."
Dan Schneider,Evansville,"Vanderburgh County, Indiana",United States,"Washington,_D.C."
Shannon Stewart,Franklin,"Warren County, Ohio",United States,"Washington,_D.C."
Travis Williams,Boonville,"Warrick County, Indiana",United States,"Washington,_D.C."
George Johnson,Fayetteville,"Washington County, Arkansas",United States,"Washington,_D.C."
Harold Young,Portland,"Washington County, Oregon",United States,"Washington,_D.C."
Gary Plummer,Highland Park,"Wayne County, Michigan",United States,"Washington,_D.C."
Frank Baker,Bartow,Florida,United States,"Washington,_D.C."
Mike James,Haines City,Florida,United States,"Washington,_D.C."
Gordon Jones,Alden,Iowa,United States,"Washington,_D.C."
Steven Harris,Homestead,"Miami-Dade County, Florida",United States,"Washington,_D.C."
Walter Pierce,Cambridge,Massachusetts,United States,"Washington,_D.C."
Robert Gray,Jackson,Mississippi,United States,"Washington,_D.C."
Laura Bailey,Biloxi,Mississippi,United States,"Washington,_D.C."
Scott Field,Canton,Mississippi,United States,"Washington,_D.C."
Jackie Simpson,Corinth,Mississippi,United States,"Washington,_D.C."
Elizabeth Lawrence,Huntington,West Virginia,United States,"Washington,_D.C."
David Townsend,Inglewood,California,United States,"Washington,_D.C."
Aaron Brown,Hopkins,Minnesota,United States,"Washington,_D.C."
Trevor Robinson,Kearney,Nebraska,United States,"Washington,_D.C."
Dale Stephens,Huntington,"Cabell County, West Virginia",United States,"Washington,_D.C."
Neil McCarthy,Lincoln,Lincolnshire,United Kingdom,London
Lee Nelson,Kissimmee,"Osceola County, Florida",United States,"Washington,_D.C."
Elizabeth Lawrence,Huntington,"Wayne County, West Virginia",United States,"Washington,_D.C."
John Paul Jones,Indianola,Iowa,United States,"Washington,_D.C."
Jack London,Georgetown,Demerara-Mahaica,Guyana,"Georgetown,_Guyana"
Emily Cook,Marietta,Georgia (U.S. state),United States,"Washington,_D.C."
John Glenn,Moultrie,Georgia (U.S. state),United States,"Washington,_D.C."
Tom Long,Memphis,Tennessee,United States,"Washington,_D.C."
Chick Autry,Humboldt,Tennessee,United States,"Washington,_D.C."
Steve Davis,Lexington,Virginia,United States,"Washington,_D.C."
James Boyd,Norfolk,Virginia,United States,"Washington,_D.C."
Ed Glenn,Richmond,Virginia,United States,"Washington,_D.C."
Mike Henry,Richmond,Virginia,United States,"Washington,_D.C."
Doc Holliday,Hurricane,West Virginia,United States,"Washington,_D.C."
Sammy Price,Margaret,Alabama,United States,"Washington,_D.C."
Larry Marks,Selma,Alabama,United States,"Washington,_D.C."
Ken Carpenter,La Mesa,California,United States,"Washington,_D.C."
James Richards,Lancaster,California,United States,"Washington,_D.C."
Charles Morton,Long Beach,California,United States,"Washington,_D.C."
Jesse Williams,Modesto,California,United States,"Washington,_D.C."
Scott Clark,Morgan Hill,California,United States,"Washington,_D.C."
Jason Lewis,Newport Beach,California,United States,"Washington,_D.C."
Derrick Brown,Oakland,California,United States,"Washington,_D.C."
Tom Stern,Palo Alto,California,United States,"Washington,_D.C."
Carlos Torres,Santa Cruz,California,United States,"Washington,_D.C."
Tom Parker,Walnut Creek,California,United States,"Washington,_D.C."
George Lee,Leavenworth,Kansas,United States,"Washington,_D.C."
Tom Terrell,Louisville,Kentucky,United States,"Washington,_D.C."
Bobby Parker,Lafayette,Louisiana,United States,"Washington,_D.C."
Cupid,Lafayette,Louisiana,United States,"Washington,_D.C."
Kevin Morgan,Lafayette,Louisiana,United States,"Washington,_D.C."
Bob Marshall,Takoma Park,Maryland,United States,"Washington,_D.C."
Hugh White,Lapeer,Michigan,United States,"Washington,_D.C."
Greg Collins,Troy,Michigan,United States,"Washington,_D.C."
George Burton,Butte,Montana,United States,"Washington,_D.C."
Wee Willie Smith,Lexington,Nebraska,United States,"Washington,_D.C."
Ann Hamilton,Lima,Ohio,United States,"Washington,_D.C."
Francis Carr,Alliance,Ohio,United States,"Washington,_D.C."
John Holt,Lawton,Oklahoma,United States,"Washington,_D.C."
Edgar Jones,Scranton,Pennsylvania,United States,"Washington,_D.C."
David Quinn,Cranston,Rhode Island,United States,"Washington,_D.C."
Cam Newton,Darlington,South Carolina,United States,"Washington,_D.C."
Willie Williams,Milledgeville,"Baldwin County, Georgia",United States,"Washington,_D.C."
Kevin Brock,Hackensack,"Bergen County, New Jersey",United States,"Washington,_D.C."
J. T. Thomas,Macon,"Bibb County, Georgia",United States,"Washington,_D.C."
George Blackburn,Ozark,"Christian County, Missouri",United States,"Washington,_D.C."
Steve Lawson,Athens,"Clarke County, Georgia",United States,"Washington,_D.C."
George Rice,Liberty,"Clay County, Missouri",United States,"Washington,_D.C."
Aaron Kelly,Marietta,"Cobb County, Georgia",United States,"Washington,_D.C."
John Glenn,Moultrie,"Colquitt County, Georgia",United States,"Washington,_D.C."
Scott Turner,Richardson,"Dallas County, Texas",United States,"Washington,_D.C."
Anthony Anderson,Lynn,"Essex County, Massachusetts",United States,"Washington,_D.C."
Chris Turner,Sherman,"Grayson County, Texas",United States,"Washington,_D.C."
Brian Barnes,Roanoke Rapids,"Halifax County, North Carolina",United States,"Washington,_D.C."
Benjamin Day,Springfield,"Hampden County, Massachusetts",United States,"Washington,_D.C."
Justin Green,Louisville,"Jefferson County, Kentucky",United States,"Washington,_D.C."
Tom Terrell,Louisville,"Jefferson County, Kentucky",United States,"Washington,_D.C."
Mark Carrier,Lafayette,"Lafayette Parish, Louisiana",United States,"Washington,_D.C."
Kevin Morgan,Lafayette,"Lafayette Parish, Louisiana",United States,"Washington,_D.C."
Bill Evans,Meridian,"Lauderdale County, Mississippi",United States,"Washington,_D.C."
Charles Armstrong,Alliance,"Mahoning County, Ohio",United States,"Washington,_D.C."
Paul Quinn,Hannibal,"Marion County, Missouri",United States,"Washington,_D.C."
Robert Kendall,Stephenson,"Menominee County, Michigan",United States,"Washington,_D.C."
Carman,Trenton,"Mercer County, New Jersey",United States,"Washington,_D.C."
Odell Barnes,Palatka,"Putnam County, Florida",United States,"Washington,_D.C."
Keith Mitchell,Garland,"Rockwall County, Texas",United States,"Washington,_D.C."
William Sexton,Schenectady,"Schenectady County, New York",United States,"Washington,_D.C."
Gordon Wood,Abilene,"Taylor County, Texas",United States,"Washington,_D.C."
Dustin Long,Beaumont,Texas,United States,"Washington,_D.C."
Michael Reed,Cedar Park,Texas,United States,"Washington,_D.C."
Gary Reed,Corpus Christi,Texas,United States,"Washington,_D.C."
Eddie Jackson,Plano,Texas,United States,"Washington,_D.C."
Charles Brown,Texas City,Texas,United States,"Washington,_D.C."
Bill Morrison,Lincoln Park,"Wayne County, Michigan",United States,"Washington,_D.C."
Adam Miller,Livonia,"Wayne County, Michigan",United States,"Washington,_D.C."
Levi Brown,Mount Juliet,"Wilson County, Tennessee",United States,"Washington,_D.C."
Red Anderson,Lawton,"Woodbury County, Iowa",United States,"Washington,_D.C."
Lawrence Gordon,Yazoo City,"Yazoo County, Mississippi",United States,"Washington,_D.C."
Randy Jackson,Lake City,Florida,United States,"Washington,_D.C."
Jimmy Nelson,Live Oak,Florida,United States,"Washington,_D.C."
Ryan Moore,Orlando,Florida,United States,"Washington,_D.C."
Chris Green,Lawrenceburg,Indiana,United States,"Washington,_D.C."
John Crowley,Lawrence,Massachusetts,United States,"Washington,_D.C."
John Gorman,Malden,Massachusetts,United States,"Washington,_D.C."
Scott Thompson,Taunton,Massachusetts,United States,"Washington,_D.C."
Tom Cotter,Waltham,Massachusetts,United States,"Washington,_D.C."
Michael Garrison,Roseburg,Oregon,United States,"Washington,_D.C."
Chris Hunter,Tacoma,Washington (state),United States,"Washington,_D.C."
Fred Forsberg,Tacoma,Washington (state),United States,"Washington,_D.C."
Bob Reed,Longview,"Gregg County, Texas",United States,"Washington,_D.C."
Dwight Garner,Fairmont,"Marion County, West Virginia",United States,"Washington,_D.C."
Fred Archer,Johnson City,"Sullivan County, Tennessee",United States,"Washington,_D.C."
Gerald Harris,Terrell,Texas,United States,"Washington,_D.C."
Michael Bauer,Hastings,"Washington County, Minnesota",United States,"Washington,_D.C."
William Walker,Nashville,Tennessee,United States,"Washington,_D.C."
Michael Coleman,Nashville,Tennessee,United States,"Washington,_D.C."
Russ Freeman,Nashville,Tennessee,United States,"Washington,_D.C."
"Bob Reynolds (American football, born 1939)",Nashville,Tennessee,United States,"Washington,_D.C."
James Wilkes,Nashville,Tennessee,United States,"Washington,_D.C."
David King,Mobile,Alabama,United States,"Washington,_D.C."
C. J. Mosley,Mobile,Alabama,United States,"Washington,_D.C."
Steve Sparks,Mobile,Alabama,United States,"Washington,_D.C."
Scott Hunter,Mobile,Alabama,United States,"Washington,_D.C."
Sherman Williams,Mobile,Alabama,United States,"Washington,_D.C."
Robert Stone,Palm Springs,California,United States,"Washington,_D.C."
John Bryant,Berkeley,California,United States,"Washington,_D.C."
Peter Wright,Berkeley,California,United States,"Washington,_D.C."
Joe Ross,Berkeley,California,United States,"Washington,_D.C."
John Lambert,Berkeley,California,United States,"Washington,_D.C."
Matt Bell,Los Altos,California,United States,"Washington,_D.C."
Jim Lewis,Jackson,"Jackson County, Michigan",United States,"Washington,_D.C."
Betty Bennett,Lincoln,Nebraska,United States,"Washington,_D.C."
John Hoffman,Aberdeen,South Dakota,United States,"Washington,_D.C."
Thomas Dunn,Aberdeen,South Dakota,United States,"Washington,_D.C."
Akira Matsunaga,Shizuoka,Shizuoka Prefecture,Japan,Tokyo
Brad Walker,Aberdeen,"Brown County, South Dakota",United States,"Washington,_D.C."
Thomas Dunn,Aberdeen,"Brown County, South Dakota",United States,"Washington,_D.C."
Bob Harris,Gillette,"Campbell County, Wyoming",United States,"Washington,_D.C."
David Lewis,Portland,"Clackamas County, Oregon",United States,"Washington,_D.C."
Bill Morgan,Portland,"Clackamas County, Oregon",United States,"Washington,_D.C."
Bob Steele,Portland,"Clackamas County, Oregon",United States,"Washington,_D.C."
Brian Hunter,Portland,"Clackamas County, Oregon",United States,"Washington,_D.C."
Rod Miller,Portland,"Clackamas County, Oregon",United States,"Washington,_D.C."
Obsession,Portland,"Clackamas County, Oregon",United States,"Washington,_D.C."
Ralph Davis,Portland,"Clackamas County, Oregon",United States,"Washington,_D.C."
Larry Beil,Portland,"Clackamas County, Oregon",United States,"Washington,_D.C."
Mark Smith,Portland,"Clackamas County, Oregon",United States,"Washington,_D.C."
Chris Bailey,Portland,"Clackamas County, Oregon",United States,"Washington,_D.C."
William Walker,Nashville,"Davidson County, Tennessee",United States,"Washington,_D.C."
John Noel,Nashville,"Davidson County, Tennessee",United States,"Washington,_D.C."
Preston Brown,Nashville,"Davidson County, Tennessee",United States,"Washington,_D.C."
James Wilkes,Nashville,"Davidson County, Tennessee",United States,"Washington,_D.C."
Aaron Harper,Jackson,"Hinds County, Mississippi",United States,"Washington,_D.C."
Maurice Carter,Jackson,"Hinds County, Mississippi",United States,"Washington,_D.C."
John Maxwell,Jackson,"Hinds County, Mississippi",United States,"Washington,_D.C."
Brandon Reilly,Lincoln,"Lancaster County, Nebraska",United States,"Washington,_D.C."
Michael Bishop,Lincoln,"Lancaster County, Nebraska",United States,"Washington,_D.C."
Godfrey,Lincoln,"Lancaster County, Nebraska",United States,"Washington,_D.C."
Maurice Carter,Jackson,"Madison County, Mississippi",United States,"Washington,_D.C."
Brian Walsh,Cambridge,"Middlesex County, Massachusetts",United States,"Washington,_D.C."
Terry Dobson,Cambridge,"Middlesex County, Massachusetts",United States,"Washington,_D.C."
Richard Grenier,Cambridge,"Middlesex County, Massachusetts",United States,"Washington,_D.C."
Bill Barrett,Cambridge,"Middlesex County, Massachusetts",United States,"Washington,_D.C."
Ralph Davis,Portland,"Multnomah County, Oregon",United States,"Washington,_D.C."
Cindy Brown,Portland,"Multnomah County, Oregon",United States,"Washington,_D.C."
Mark Smith,Portland,"Multnomah County, Oregon",United States,"Washington,_D.C."
Aaron Harper,Jackson,"Rankin County, Mississippi",United States,"Washington,_D.C."
James Robinson,Jackson,"Rankin County, Mississippi",United States,"Washington,_D.C."
Maurice Carter,Jackson,"Rankin County, Mississippi",United States,"Washington,_D.C."
Chris Brown,Jackson,"Rankin County, Mississippi",United States,"Washington,_D.C."
Charles Thomas,Jackson,"Rankin County, Mississippi",United States,"Washington,_D.C."
Kevin McKee,Davenport,"Scott County, Iowa",United States,"Washington,_D.C."
Harry Hansen,Davenport,"Scott County, Iowa",United States,"Washington,_D.C."
Brian Smith,Ames,"Story County, Iowa",United States,"Washington,_D.C."
Andrew Thomas,Ithaca,"Tompkins County, New York",United States,"Washington,_D.C."
Robert Marx,Portland,"Washington County, Oregon",United States,"Washington,_D.C."
James Whalen,Portland,"Washington County, Oregon",United States,"Washington,_D.C."
Rod Miller,Portland,"Washington County, Oregon",United States,"Washington,_D.C."
Lew Beck,Portland,"Washington County, Oregon",United States,"Washington,_D.C."
John Harris,Portland,"Washington County, Oregon",United States,"Washington,_D.C."
Chris Bailey,Portland,"Washington County, Oregon",United States,"Washington,_D.C."
Malcolm Thomas,Columbia,"Boone County, Missouri",United States,"Washington,_D.C."
Gary Anderson,Columbia,"Boone County, Missouri",United States,"Washington,_D.C."
James Jones,Davenport,Iowa,United States,"Washington,_D.C."
Harry Hansen,Davenport,Iowa,United States,"Washington,_D.C."
Bill Hewitt,Cambridge,Massachusetts,United States,"Washington,_D.C."
Brian Walsh,Cambridge,Massachusetts,United States,"Washington,_D.C."
Susan Davis,Cambridge,Massachusetts,United States,"Washington,_D.C."
Henry Ward,Jackson,Mississippi,United States,"Washington,_D.C."
Charles Thomas,Jackson,Mississippi,United States,"Washington,_D.C."
Jim Sullivan,Astoria,Oregon,United States,"Washington,_D.C."
Ian Crawford,Eugene,Oregon,United States,"Washington,_D.C."
Jerry Smith,Eugene,Oregon,United States,"Washington,_D.C."
Paul Simon,Eugene,Oregon,United States,"Washington,_D.C."
David Lewis,Portland,Oregon,United States,"Washington,_D.C."
Brian Hunter,Portland,Oregon,United States,"Washington,_D.C."
Lee Johnson,Portland,Oregon,United States,"Washington,_D.C."
Larry Beil,Portland,Oregon,United States,"Washington,_D.C."
Robert Johnson,Americus,Georgia (U.S. state),United States,"Washington,_D.C."
Kevin Murphy,Syracuse,New York,United States,"Washington,_D.C."
John West,Syracuse,New York,United States,"Washington,_D.C."
Pat Murphy,Syracuse,New York,United States,"Washington,_D.C."
Brandon King,Alabaster,Alabama,United States,"Washington,_D.C."
George Hardy,Alexander City,Alabama,United States,"Washington,_D.C."
Ben Davis,Birmingham,Alabama,United States,"Washington,_D.C."
David Palmer,Birmingham,Alabama,United States,"Washington,_D.C."
Nick Williams,Birmingham,Alabama,United States,"Washington,_D.C."
Hal Smith,Barling,Arkansas,United States,"Washington,_D.C."
John Miller,Alhambra,California,United States,"Washington,_D.C."
Leo Carroll,Alhambra,California,United States,"Washington,_D.C."
Mars,Antioch,California,United States,"Washington,_D.C."
Mike Munoz,Baldwin Park,California,United States,"Washington,_D.C."
Derek Brown,Banning,California,United States,"Washington,_D.C."
Gloria Romero,Barstow,California,United States,"Washington,_D.C."
Chris Carter,Bellflower,California,United States,"Washington,_D.C."
Chris Carter,Bellflower,California,United States,"Washington,_D.C."
Anthony Brown,Bellflower,California,United States,"Washington,_D.C."
David Weintraub,Beverly Hills,California,United States,"Washington,_D.C."
John Oldham,Beaver Dam,Kentucky,United States,"Washington,_D.C."
James Carr,Bangor,Maine,United States,"Washington,_D.C."
Bob Rush,Battle Creek,Michigan,United States,"Washington,_D.C."
Frank Miller,Allegan,Michigan,United States,"Washington,_D.C."
Madonna,Bay City,Michigan,United States,"Washington,_D.C."
Mike Wells,Arnold,Missouri,United States,"Washington,_D.C."
Bob Hawks,Billings,Montana,United States,"Washington,_D.C."
Kevin Johnson,Asbury Park,New Jersey,United States,"Washington,_D.C."
Pierre P. Garven,Bayonne,New Jersey,United States,"Washington,_D.C."
Tommy Smith,Albemarle,North Carolina,United States,"Washington,_D.C."
Justin Lester,Akron,Ohio,United States,"Washington,_D.C."
Don Clark,Akron,Ohio,United States,"Washington,_D.C."
George Spencer,Bexley,Ohio,United States,"Washington,_D.C."
Bob Gaudio,Ashtabula,"Ashtabula County, Ohio",United States,"Washington,_D.C."
Dick Martin,Battle Creek,"Calhoun County, Michigan",United States,"Washington,_D.C."
Bob Rush,Battle Creek,"Calhoun County, Michigan",United States,"Washington,_D.C."
George Harper,Arlington,"Carlisle County, Kentucky",United States,"Washington,_D.C."
John Reed,Portland,"Clackamas County, Oregon",United States,"Washington,_D.C."
William Smith,Portland,"Clackamas County, Oregon",United States,"Washington,_D.C."
Mark Hudson,Portland,"Clackamas County, Oregon",United States,"Washington,_D.C."
Mike James,Portland,"Clackamas County, Oregon",United States,"Washington,_D.C."
Wayne Mills,Arab,"Cullman County, Alabama",United States,"Washington,_D.C."
Tommy Ford,Bend,"Deschutes County, Oregon",United States,"Washington,_D.C."
Phil Clark,Albany,"Dougherty County, Georgia",United States,"Washington,_D.C."
Jed Johnson,Alexandria,"Douglas County, Minnesota",United States,"Washington,_D.C."
Paul Birch,Atmore,"Escambia County, Alabama",United States,"Washington,_D.C."
Barry Lyons,Biloxi,"Harrison County, Mississippi",United States,"Washington,_D.C."
Jim Norton,Bayonne,"Hudson County, New Jersey",United States,"Washington,_D.C."
Ben Davis,Birmingham,"Jefferson County, Alabama",United States,"Washington,_D.C."
Roy Bennett,Birmingham,"Jefferson County, Alabama",United States,"Washington,_D.C."
Dick Taylor,Algona,"Kossuth County, Iowa",United States,"Washington,_D.C."
Tom Fisher,Anderson,"Madison County, Indiana",United States,"Washington,_D.C."
Paul Dixon,Albia,"Monroe County, Iowa",United States,"Washington,_D.C."
Tim O'Brien,Austin,"Mower County, Minnesota",United States,"Washington,_D.C."
Bert Hall,Portland,"Multnomah County, Oregon",United States,"Washington,_D.C."
Robert Drummond,Syracuse,"Onondaga County, New York",United States,"Washington,_D.C."
Joe Amato,Syracuse,"Onondaga County, New York",United States,"Washington,_D.C."
Steve Perry,Syracuse,"Onondaga County, New York",United States,"Washington,_D.C."
Mike Roberts,Syracuse,"Onondaga County, New York",United States,"Washington,_D.C."
Kevin Murphy,Syracuse,"Onondaga County, New York",United States,"Washington,_D.C."
John West,Syracuse,"Onondaga County, New York",United States,"Washington,_D.C."
Nicole Mitchell,Syracuse,"Onondaga County, New York",United States,"Washington,_D.C."
John Wilkinson,Syracuse,"Onondaga County, New York",United States,"Washington,_D.C."
Robert Murray,Bangor,"Penobscot County, Maine",United States,"Washington,_D.C."
Tom Sawyer,Bangor,"Penobscot County, Maine",United States,"Washington,_D.C."
Brandon King,Alabaster,"Shelby County, Alabama",United States,"Washington,_D.C."
Bob Ferguson,Birmingham,"Shelby County, Alabama",United States,"Washington,_D.C."
David Robertson,Birmingham,"Shelby County, Alabama",United States,"Washington,_D.C."
Steven Black,Birmingham,"Shelby County, Alabama",United States,"Washington,_D.C."
Steven Black,Birmingham,"Shelby County, Alabama",United States,"Washington,_D.C."
Jim Nelson,Birmingham,"Shelby County, Alabama",United States,"Washington,_D.C."
Steve Johnson,Akron,"Summit County, Ohio",United States,"Washington,_D.C."
Michael Buckley,Akron,"Summit County, Ohio",United States,"Washington,_D.C."
Mike McClendon,Arlington,"Tarrant County, Texas",United States,"Washington,_D.C."
Jason Reeves,Arlington,"Tarrant County, Texas",United States,"Washington,_D.C."
Scott Cross,Arlington,Texas,United States,"Washington,_D.C."
Mark Hudson,Portland,"Washington County, Oregon",United States,"Washington,_D.C."
Mike Martin,Portland,"Washington County, Oregon",United States,"Washington,_D.C."
Tim Callahan,Billings,"Yellowstone County, Montana",United States,"Washington,_D.C."
Flavio Tosi,Beverly,Massachusetts,United States,"Washington,_D.C."
John Reed,Portland,Oregon,United States,"Washington,_D.C."
Chris Garrett,Portland,Oregon,United States,"Washington,_D.C."
John Robinson,Portland,Oregon,United States,"Washington,_D.C."
Daniel Parker,Portland,Oregon,United States,"Washington,_D.C."
John Rogers,Birmingham,Alabama,United States,"Washington,_D.C."
Stan White,Birmingham,"Jefferson County, Alabama",United States,"Washington,_D.C."
Tom Banks,Birmingham,"Jefferson County, Alabama",United States,"Washington,_D.C."
Jerry Wilson,Birmingham,"Jefferson County, Alabama",United States,"Washington,_D.C."
James Shaw,Birmingham,"Shelby County, Alabama",United States,"Washington,_D.C."
Nick Williams,Birmingham,"Shelby County, Alabama",United States,"Washington,_D.C."
John Drew,Columbus,Georgia (U.S. state),United States,"Washington,_D.C."
George Adams,Covington,Georgia (U.S. state),United States,"Washington,_D.C."
Phillip Sims,Chesapeake,Virginia,United States,"Washington,_D.C."
Norman Harris,Danville,Virginia,United States,"Washington,_D.C."
Michael Morton,Birmingham,Alabama,United States,"Washington,_D.C."
Jimmy Murphy,Birmingham,Alabama,United States,"Washington,_D.C."
Alan Hunter,Birmingham,Alabama,United States,"Washington,_D.C."
Tom Jenkins,Camden,Alabama,United States,"Washington,_D.C."
Wayne Edwards,Burbank,California,United States,"Washington,_D.C."
Jay Ferguson,Burbank,California,United States,"Washington,_D.C."
Al Jackson,Carmel-by-the-Sea,California,United States,"Washington,_D.C."
Eric Johnson,Carson,California,United States,"Washington,_D.C."
Muddy Waters,Chico,California,United States,"Washington,_D.C."
Calvin Jones,Compton,California,United States,"Washington,_D.C."
Richard Sherman,Compton,California,United States,"Washington,_D.C."
David Oliver,Concord,California,United States,"Washington,_D.C."
Al Smith,Bossier City,Louisiana,United States,"Washington,_D.C."
John Grant,Buchanan,Michigan,United States,"Washington,_D.C."
Mark Atkinson,Dearborn,Michigan,United States,"Washington,_D.C."
Mark Simmons,Bloomington,Minnesota,United States,"Washington,_D.C."
George Putnam,Breckenridge,Minnesota,United States,"Washington,_D.C."
Ben Nelson,Coon Rapids,Minnesota,United States,"Washington,_D.C."
Joseph Charles,Boonville,Missouri,United States,"Washington,_D.C."
Michael Davies,Chesterfield,Missouri,United States,"Washington,_D.C."
Jack Mathis,Chesterfield,Missouri,United States,"Washington,_D.C."
Billy Thompson,Camden,New Jersey,United States,"Washington,_D.C."
Jason Cook,Camden,New Jersey,United States,"Washington,_D.C."
David Griggs,Camden,New Jersey,United States,"Washington,_D.C."
John Brown,Camden,New Jersey,United States,"Washington,_D.C."
Chris Carpenter,Bryan,Ohio,United States,"Washington,_D.C."
George Rex,Canton,Ohio,United States,"Washington,_D.C."
Nancy Wilson,Chillicothe,Ohio,United States,"Washington,_D.C."
John Bennett,Chillicothe,Ohio,United States,"Washington,_D.C."
Tim Anderson,Clyde,Ohio,United States,"Washington,_D.C."
William Johnson,Charleston,South Carolina,United States,"Washington,_D.C."
Joseph Henderson,Charleston,South Carolina,United States,"Washington,_D.C."
Horace Allen,DeLand,"Volusia County, Florida",United States,"Washington,_D.C."
George Caldwell,Columbia,"Adair County, Kentucky",United States,"Washington,_D.C."
Dwight Jones,Burlington,"Alamance County, North Carolina",United States,"Washington,_D.C."
Jim Wilson,Corvallis,"Benton County, Oregon",United States,"Washington,_D.C."
Courtney Brown,Charleston,"Berkeley County, South Carolina",United States,"Washington,_D.C."
John Bass,Charleston,"Berkeley County, South Carolina",United States,"Washington,_D.C."
Blowfly,Cochran,"Bleckley County, Georgia",United States,"Washington,_D.C."
Edward Ellis,Coldwater,"Branch County, Michigan",United States,"Washington,_D.C."
Zach Thomas,Cocoa,"Brevard County, Florida",United States,"Washington,_D.C."
Frank Cooke,Bismarck,"Burleigh County, North Dakota",United States,"Washington,_D.C."
Peter Beck,Butler,"Butler County, Pennsylvania",United States,"Washington,_D.C."
Lester Smith,Concord,"Cabarrus County, North Carolina",United States,"Washington,_D.C."
Jason Cook,Camden,"Camden County, New Jersey",United States,"Washington,_D.C."
John Brown,Camden,"Camden County, New Jersey",United States,"Washington,_D.C."
William Johnson,Charleston,"Charleston County, South Carolina",United States,"Washington,_D.C."
Joe Thomas,Canton,"Cherokee County, Georgia",United States,"Washington,_D.C."
John Hannah,Canton,"Cherokee County, Georgia",United States,"Washington,_D.C."
Ben Shaw,Coshocton,"Coshocton County, Ohio",United States,"Washington,_D.C."
Mark Harris,Clovis,"Curry County, New Mexico",United States,"Washington,_D.C."
J. T. Brown,Burnsville,"Dakota County, Minnesota",United States,"Washington,_D.C."
Tony Baker,Burlington,"Des Moines County, Iowa",United States,"Washington,_D.C."
John Adams,Charleston,"Franklin County, Arkansas",United States,"Washington,_D.C."
Monica,College Park,"Fulton County, Georgia",United States,"Washington,_D.C."
George Rose,Brunswick,"Glynn County, Georgia",United States,"Washington,_D.C."
Tony Pierce,Brunswick,"Glynn County, Georgia",United States,"Washington,_D.C."
Bob Armstrong,Cambridge,"Guernsey County, Ohio",United States,"Washington,_D.C."
Mike Roberts,Carthage,"Jasper County, Missouri",United States,"Washington,_D.C."
Mike Anderson,Birmingham,"Jefferson County, Alabama",United States,"Washington,_D.C."
Chris Woods,Birmingham,"Jefferson County, Alabama",United States,"Washington,_D.C."
Adam Warren,Birmingham,"Jefferson County, Alabama",United States,"Washington,_D.C."
Francis Fontaine,Columbus,"Muscogee County, Georgia",United States,"Washington,_D.C."
Bob Davis,Columbus,"Muscogee County, Georgia",United States,"Washington,_D.C."
Micah Johnson,Columbus,"Muscogee County, Georgia",United States,"Washington,_D.C."
Randy Robbins,Casa Grande,"Pinal County, Arizona",United States,"Washington,_D.C."
Bob Peterson,Chillicothe,"Ross County, Ohio",United States,"Washington,_D.C."
John Bennett,Chillicothe,"Ross County, Ohio",United States,"Washington,_D.C."
Charlie Moore,Birmingham,"Shelby County, Alabama",United States,"Washington,_D.C."
Michael Morton,Birmingham,"Shelby County, Alabama",United States,"Washington,_D.C."
David Dahl,Birmingham,"Shelby County, Alabama",United States,"Washington,_D.C."
Howard Murphy,Birmingham,"Shelby County, Alabama",United States,"Washington,_D.C."
Jim Cummins,Dearborn,"Wayne County, Michigan",United States,"Washington,_D.C."
George Putnam,Breckenridge,"Wilkin County, Minnesota",United States,"Washington,_D.C."
David Marshall,Buffalo,"Wright County, Minnesota",United States,"Washington,_D.C."
Buster Brown,Boone,Iowa,United States,"Washington,_D.C."
Robert Watts,Burlington,Iowa,United States,"Washington,_D.C."
Richard Doyle,Brockton,Massachusetts,United States,"Washington,_D.C."
Jim Thomas,Columbus,Mississippi,United States,"Washington,_D.C."
Scott Anderson,Corvallis,Oregon,United States,"Washington,_D.C."
Randy Scott,Decatur,Georgia (U.S. state),United States,"Washington,_D.C."
Jamie Arnold,Dearborn,Michigan,United States,"Washington,_D.C."
Brett Olson,Duluth,Minnesota,United States,"Washington,_D.C."
George Little,Duquesne,Pennsylvania,United States,"Washington,_D.C."
"Richmond McDavid Flowers, Jr.",Dothan,"Henry County, Alabama",United States,"Washington,_D.C."
Terry Evans,Dublin,"Laurens County, Georgia",United States,"Washington,_D.C."
Brett Olson,Duluth,"St. Louis County, Minnesota",United States,"Washington,_D.C."
Mark Atkinson,Dearborn,"Wayne County, Michigan",United States,"Washington,_D.C."
Jason Rogers,East Point,Georgia (U.S. state),United States,"Washington,_D.C."
Calvin Russell,Fairburn,Georgia (U.S. state),United States,"Washington,_D.C."
John Waller,Fayetteville,Georgia (U.S. state),United States,"Washington,_D.C."
Charlie Stone,Fitzgerald,Georgia (U.S. state),United States,"Washington,_D.C."
Billy Martin,Gainesville,Georgia (U.S. state),United States,"Washington,_D.C."
John Pearce,Gainesville,Georgia (U.S. state),United States,"Washington,_D.C."
John Pearce,Gainesville,Georgia (U.S. state),United States,"Washington,_D.C."
Matt McClure,Gainesville,Georgia (U.S. state),United States,"Washington,_D.C."
Derek Brown,Fairfax,Virginia,United States,"Washington,_D.C."
David Howard,Enterprise,Alabama,United States,"Washington,_D.C."
Cedric Smith,Enterprise,Alabama,United States,"Washington,_D.C."
Michael Moore,Fayette,Alabama,United States,"Washington,_D.C."
Justin Anderson,Foley,Alabama,United States,"Washington,_D.C."
Willie Scott,Gadsden,Alabama,United States,"Washington,_D.C."
Brian Martin,Fort Smith,Arkansas,United States,"Washington,_D.C."
Chris Conrad,Fullerton,California,United States,"Washington,_D.C."
Michael McDonald,Fullerton,California,United States,"Washington,_D.C."
Robert Woods,Gardena,California,United States,"Washington,_D.C."
William Bassett,Evanston,Illinois,United States,"Washington,_D.C."
Stuart Lancaster,Evanston,Illinois,United States,"Washington,_D.C."
James Olson,Evanston,Illinois,United States,"Washington,_D.C."
Rick Fisher,Evanston,Illinois,United States,"Washington,_D.C."
Barbara Harris,Evanston,Illinois,United States,"Washington,_D.C."
Jeff Hamilton,Flint,Michigan,United States,"Washington,_D.C."
Brian Carpenter,Flint,Michigan,United States,"Washington,_D.C."
Jack Martin,Flint,Michigan,United States,"Washington,_D.C."
Steve Nelson,Farmington,Minnesota,United States,"Washington,_D.C."
Clarence Mitchell,Franklin,Nebraska,United States,"Washington,_D.C."
Jack Armstrong,Englewood,New Jersey,United States,"Washington,_D.C."
Stephen Lee,Englewood,New Jersey,United States,"Washington,_D.C."
Brad Miller,Fayetteville,North Carolina,United States,"Washington,_D.C."
David Archer,Fayetteville,North Carolina,United States,"Washington,_D.C."
Bob Peterson,Fargo,North Dakota,United States,"Washington,_D.C."
Robert Smith,Euclid,Ohio,United States,"Washington,_D.C."
Wilma Smith,Garfield Heights,Ohio,United States,"Washington,_D.C."
Shirley Abbott,Fairview,Oklahoma,United States,"Washington,_D.C."
Charles Collins,Frederick,Oklahoma,United States,"Washington,_D.C."
Bob Bryant,Frederick,Oklahoma,United States,"Washington,_D.C."
Chris Smith,Gainesville,"Alachua County, Florida",United States,"Washington,_D.C."
Justin Anderson,Foley,"Baldwin County, Alabama",United States,"Washington,_D.C."
Jack Armstrong,Englewood,"Bergen County, New Jersey",United States,"Washington,_D.C."
Tom Wright,Englewood,"Bergen County, New Jersey",United States,"Washington,_D.C."
Gary Lee,Fargo,"Cass County, North Dakota",United States,"Washington,_D.C."
Chris Armstrong,Fayetteville,"Cumberland County, North Carolina",United States,"Washington,_D.C."
David Archer,Fayetteville,"Cumberland County, North Carolina",United States,"Washington,_D.C."
Cecil Lewis,Fayetteville,"Cumberland County, North Carolina",United States,"Washington,_D.C."
David Howard,Enterprise,"Dale County, Alabama",United States,"Washington,_D.C."
Grant Sullivan,Fremont,"Dodge County, Nebraska",United States,"Washington,_D.C."
Stacy Jones,Gadsden,"Etowah County, Alabama",United States,"Washington,_D.C."
Andrew Adams,Fayetteville,"Fayette County, Georgia",United States,"Washington,_D.C."
Charlotte Walker,Galveston,"Galveston County, Texas",United States,"Washington,_D.C."
Charlotte Walker,Galveston,"Galveston County, Texas",United States,"Washington,_D.C."
Michael Bishop,Galveston,"Galveston County, Texas",United States,"Washington,_D.C."
John Stockwell,Galveston,"Galveston County, Texas",United States,"Washington,_D.C."
Jordan Baker,Enid,"Garfield County, Oklahoma",United States,"Washington,_D.C."
Andrew Caldwell,Flint,"Genesee County, Michigan",United States,"Washington,_D.C."
A. J. Johnson,Gainesville,"Hall County, Georgia",United States,"Washington,_D.C."
Robert Gerry,Ellsworth,"Hancock County, Maine",United States,"Washington,_D.C."
Travis Boyd,Edina,"Hennepin County, Minnesota",United States,"Washington,_D.C."
George Turner,Edina,"Knox County, Missouri",United States,"Washington,_D.C."
Mark Thompson,Florence,"Lauderdale County, Alabama",United States,"Washington,_D.C."
John Terry,Fairfax,"Linn County, Iowa",United States,"Washington,_D.C."
Shirley Abbott,Fairview,"Major County, Oklahoma",United States,"Washington,_D.C."
Pat Hughes,Everett,"Middlesex County, Massachusetts",United States,"Washington,_D.C."
Steve Strachan,Everett,"Middlesex County, Massachusetts",United States,"Washington,_D.C."
Bruce Smith,Faribault,"Rice County, Minnesota",United States,"Washington,_D.C."
Brian Martin,Fort Smith,"Sebastian County, Arkansas",United States,"Washington,_D.C."
John Boles,Fort Smith,"Sebastian County, Arkansas",United States,"Washington,_D.C."
Charlotte Walker,Galveston,Texas,United States,"Washington,_D.C."
Charlotte Walker,Galveston,Texas,United States,"Washington,_D.C."
John McLaren,Galveston,Texas,United States,"Washington,_D.C."
James Anderson,El Dorado,"Union County, Arkansas",United States,"Washington,_D.C."
Richard Wood,Elizabeth,"Union County, New Jersey",United States,"Washington,_D.C."
Jack Warner,Evansville,"Vanderburgh County, Indiana",United States,"Washington,_D.C."
Edwin Denby,Evansville,"Vanderburgh County, Indiana",United States,"Washington,_D.C."
Dennis Avery,Evansville,"Vanderburgh County, Indiana",United States,"Washington,_D.C."
George Crowther,Fitchburg,"Worcester County, Massachusetts",United States,"Washington,_D.C."
Thomas McClary,Eustis,Florida,United States,"Washington,_D.C."
Robert Baker,Gainesville,Florida,United States,"Washington,_D.C."
Terry Jackson,Gainesville,Florida,United States,"Washington,_D.C."
Ken Williams,Evansville,Indiana,United States,"Washington,_D.C."
Brian Kelly,Everett,Massachusetts,United States,"Washington,_D.C."
Robert Francis,Glendale,California,United States,"Washington,_D.C."
NF,Gladwin,Michigan,United States,"Washington,_D.C."
John Benson,Glasgow,Montana,United States,"Washington,_D.C."
Paul Jessup,Geneva,Ohio,United States,"Washington,_D.C."
Jason Johnson,Gladstone,"Clay County, Missouri",United States,"Washington,_D.C."
Brad Anderson,Glendale,"Maricopa County, Arizona",United States,"Washington,_D.C."
Alan Thompson,Geneva,Iowa,United States,"Washington,_D.C."
Harry Baird,Georgetown,Demerara-Mahaica,Guyana,"Georgetown,_Guyana"
Brad Anderson,Glendale,Arizona,United States,"Washington,_D.C."
Jordan Roberts,Durham,County Durham,United Kingdom,London
Steve James,Hampton,Virginia,United States,"Washington,_D.C."
Steve James,Hampton,Virginia,United States,"Washington,_D.C."
George Roberts,Lynchburg,Virginia,United States,"Washington,_D.C."
Jim Walkup,Havana,Arkansas,United States,"Washington,_D.C."
Troy Mills,Glendale,California,United States,"Washington,_D.C."
Tim Cooney,Glendale,California,United States,"Washington,_D.C."
Sam Phillips,Glendale,California,United States,"Washington,_D.C."
Bob Sessions,Glendale,California,United States,"Washington,_D.C."
Michael Lockwood,Hawthorne,California,United States,"Washington,_D.C."
Gary Jones,Huntington Park,California,United States,"Washington,_D.C."
Billy Brown,Inglewood,California,United States,"Washington,_D.C."
José Solano,Inglewood,California,United States,"Washington,_D.C."
Jason Phillips,La Mesa,California,United States,"Washington,_D.C."
Robert Arnold,Lancaster,California,United States,"Washington,_D.C."
Don Thompson,Long Beach,California,United States,"Washington,_D.C."
Mike Fellows,Lewiston,Idaho,United States,"Washington,_D.C."
Kim Davis,Jackson,Kentucky,United States,"Washington,_D.C."
Samuel McKee,Lancaster,Kentucky,United States,"Washington,_D.C."
Mark Cole,Louisville,Kentucky,United States,"Washington,_D.C."
John Edwards,Louisville,Kentucky,United States,"Washington,_D.C."
Bernard Jackson,Louisville,Kentucky,United States,"Washington,_D.C."
David Schramm,Louisville,Kentucky,United States,"Washington,_D.C."
Jimmy Ellis,Louisville,Kentucky,United States,"Washington,_D.C."
Fred Andrews,Lafayette,Louisiana,United States,"Washington,_D.C."
David Moss,Livonia,Michigan,United States,"Washington,_D.C."
Jack Conway,Graceville,Minnesota,United States,"Washington,_D.C."
William Moore,Hayti,Missouri,United States,"Washington,_D.C."
Huey,Kinloch,Missouri,United States,"Washington,_D.C."
Scott Sims,Kirksville,Missouri,United States,"Washington,_D.C."
John Parker,Great Falls,Montana,United States,"Washington,_D.C."
Margaret Craven,Helena,Montana,United States,"Washington,_D.C."
Jeff Richardson,Grand Island,Nebraska,United States,"Washington,_D.C."
Brett Maher,Kearney,Nebraska,United States,"Washington,_D.C."
Jason Ryan,Long Branch,New Jersey,United States,"Washington,_D.C."
David Thornton,Goldsboro,North Carolina,United States,"Washington,_D.C."
John Henson,Greensboro,North Carolina,United States,"Washington,_D.C."
Kevin Walker,Greensboro,North Carolina,United States,"Washington,_D.C."
Corey Robinson,Havelock,North Carolina,United States,"Washington,_D.C."
Mary Taylor,Green,Ohio,United States,"Washington,_D.C."
Jack Davis,Heavener,Oklahoma,United States,"Washington,_D.C."
Mike Regan,Harrisburg,Pennsylvania,United States,"Washington,_D.C."
Lawrence Brown,Lawrence,"Douglas County, Kansas",United States,"Washington,_D.C."
Brett Maher,Kearney,"Buffalo County, Nebraska",United States,"Washington,_D.C."
Charles Thompson,Lawton,"Comanche County, Oklahoma",United States,"Washington,_D.C."
Clifford Davis,Hazlehurst,"Copiah County, Mississippi",United States,"Washington,_D.C."
Kevin Mitchell,Harrisburg,"Dauphin County, Pennsylvania",United States,"Washington,_D.C."
Richard Sanders,Harrisburg,"Dauphin County, Pennsylvania",United States,"Washington,_D.C."
Robert White,Harrisburg,"Dauphin County, Pennsylvania",United States,"Washington,_D.C."
Mike Regan,Harrisburg,"Dauphin County, Pennsylvania",United States,"Washington,_D.C."
Jack Ryan,Haverhill,"Essex County, Massachusetts",United States,"Washington,_D.C."
Neil Hamilton,Lynn,"Essex County, Massachusetts",United States,"Washington,_D.C."
Bobby Carpenter,Lancaster,"Fairfield County, Ohio",United States,"Washington,_D.C."
Steve Miller,Jefferson,"Greene County, Iowa",United States,"Washington,_D.C."
Frank Wright,Grenada,"Grenada County, Mississippi",United States,"Washington,_D.C."
Greg Harris,Greensboro,"Guilford County, North Carolina",United States,"Washington,_D.C."
Kevin Walker,Greensboro,"Guilford County, North Carolina",United States,"Washington,_D.C."
David Turnbull,Kewanee,"Henry County, Illinois",United States,"Washington,_D.C."
Dennis Nelson,Kewanee,"Henry County, Illinois",United States,"Washington,_D.C."
Matt Hill,Grangeville,"Idaho County, Idaho",United States,"Washington,_D.C."
Louis Phillips,Lowell,"Middlesex County, Massachusetts",United States,"Washington,_D.C."
Bob Davis,Long Branch,"Monmouth County, New Jersey",United States,"Washington,_D.C."
Jack Mitchell,Key West,"Monroe County, Florida",United States,"Washington,_D.C."
Charles Frederick,Lake Worth,"Palm Beach County, Florida",United States,"Washington,_D.C."
Larry Harrison,Greenville,"Pitt County, North Carolina",United States,"Washington,_D.C."
Mike James,Haines City,"Polk County, Florida",United States,"Washington,_D.C."
Bob Flanigan,Greencastle,"Putnam County, Indiana",United States,"Washington,_D.C."
Anthony Armstrong,Greencastle,"Putnam County, Indiana",United States,"Washington,_D.C."
Brad Edwards,Lumberton,"Robeson County, North Carolina",United States,"Washington,_D.C."
George Bradley,Greenwood,"Sebastian County, Arkansas",United States,"Washington,_D.C."
Brian West,LaGrange,"Troup County, Georgia",United States,"Washington,_D.C."
John Elliott,Keosauqua,"Van Buren County, Iowa",United States,"Washington,_D.C."
Mary Wilson,Greenville,"Washington County, Mississippi",United States,"Washington,_D.C."
Marcus Johnson,Greenville,"Washington County, Mississippi",United States,"Washington,_D.C."
Edwin Baker,Highland Park,"Wayne County, Michigan",United States,"Washington,_D.C."
David Moss,Livonia,"Wayne County, Michigan",United States,"Washington,_D.C."
David Thornton,Goldsboro,"Wayne County, North Carolina",United States,"Washington,_D.C."
Randy Brown,Leesburg,Florida,United States,"Washington,_D.C."
Anthony Armstrong,Greencastle,Indiana,United States,"Washington,_D.C."
Jeff Meyer,Lafayette,Indiana,United States,"Washington,_D.C."
Doug Jones,Lebanon,Indiana,United States,"Washington,_D.C."
John Firth,Lowell,Massachusetts,United States,"Washington,_D.C."
George Scott,Greenville,Mississippi,United States,"Washington,_D.C."
Leon Williams,Macon,Georgia (U.S. state),United States,"Washington,_D.C."
Chris Hatcher,Macon,Georgia (U.S. state),United States,"Washington,_D.C."
Bob Beattie,Manchester,New Hampshire,United States,"Washington,_D.C."
Donald Pippin,Macon,"Bibb County, Georgia",United States,"Washington,_D.C."
Tracy Nelson,Madison,"Dane County, Wisconsin",United States,"Washington,_D.C."
Craig Smith,Madison,"Dane County, Wisconsin",United States,"Washington,_D.C."
Matt Sloan,Madison,"Dane County, Wisconsin",United States,"Washington,_D.C."
John Gorman,Malden,"Middlesex County, Massachusetts",United States,"Washington,_D.C."
Marc Wilkins,Mansfield,"Richland County, Ohio",United States,"Washington,_D.C."
David Myers,Magee,Mississippi,United States,"Washington,_D.C."
Cedric Henderson,Marietta,Georgia (U.S. state),United States,"Washington,_D.C."
Jason Hall,Marietta,Georgia (U.S. state),United States,"Washington,_D.C."
Pip,Marietta,Georgia (U.S. state),United States,"Washington,_D.C."
Adam Morgan,Marietta,Georgia (U.S. state),United States,"Washington,_D.C."
Eric Green,Savannah,Georgia (U.S. state),United States,"Washington,_D.C."
Terrell Bell,Athens,Georgia (U.S. state),United States,"Washington,_D.C."
Chris Garner,Memphis,Tennessee,United States,"Washington,_D.C."
Billy Williams,Alcoa,Tennessee,United States,"Washington,_D.C."
Samuel Lightfoot Flournoy,Romney,West Virginia,United States,"Washington,_D.C."
Anna Wood,Mount Airy,"Surry County, North Carolina",United States,"Washington,_D.C."
Brett Butler,Montgomery,Alabama,United States,"Washington,_D.C."
Tony Martin,Oakland,California,United States,"Washington,_D.C."
Chris Barton,Sacramento,California,United States,"Washington,_D.C."
Sean Mannion,San Jose,California,United States,"Washington,_D.C."
Lloyd Johnson,Santa Rosa,California,United States,"Washington,_D.C."
Trumaine Johnson,Stockton,California,United States,"Washington,_D.C."
Evan Marshall,Sunnyvale,California,United States,"Washington,_D.C."
David Collins,Thousand Oaks,California,United States,"Washington,_D.C."
Wally Hood,Whittier,California,United States,"Washington,_D.C."
David Bruton,Winchester,Kentucky,United States,"Washington,_D.C."
Dave Williams,Minden,Louisiana,United States,"Washington,_D.C."
George Stone,Ruston,Louisiana,United States,"Washington,_D.C."
Kyle Williams,Ruston,Louisiana,United States,"Washington,_D.C."
Chris Noonan,Portage,Michigan,United States,"Washington,_D.C."
Anthony Davis,Paterson,New Jersey,United States,"Washington,_D.C."
Robert Brown,Trenton,New Jersey,United States,"Washington,_D.C."
Brian Williams,High Point,North Carolina,United States,"Washington,_D.C."
William Irwin,Oxford,Ohio,United States,"Washington,_D.C."
Terry Johnson,Portsmouth,Ohio,United States,"Washington,_D.C."
Simon Fraser,Upper Arlington,Ohio,United States,"Washington,_D.C."
William Jones,Newport,Rhode Island,United States,"Washington,_D.C."
Mark Hammond,Lancaster,South Carolina,United States,"Washington,_D.C."
Bill Allen,Wichita,"Sedgwick County, Kansas",United States,"Washington,_D.C."
Jeff Smith,Wichita,"Sedgwick County, Kansas",United States,"Washington,_D.C."
Shawn Lee,Wichita,"Sedgwick County, Kansas",United States,"Washington,_D.C."
James Williams,Natchez,"Adams County, Mississippi",United States,"Washington,_D.C."
Seth Morgan,Presque Isle,"Aroostook County, Maine",United States,"Washington,_D.C."
James Wright,Martins Ferry,"Belmont County, Ohio",United States,"Washington,_D.C."
Thomas Allen,Pittsfield,"Berkshire County, Massachusetts",United States,"Washington,_D.C."
Craig James,Jacksonville,"Cherokee County, Texas",United States,"Washington,_D.C."
Jason Hall,Marietta,"Cobb County, Georgia",United States,"Washington,_D.C."
Richard Shelton,Marietta,"Cobb County, Georgia",United States,"Washington,_D.C."
Brad Johnson,Marietta,"Cobb County, Georgia",United States,"Washington,_D.C."
Frank Warner,Selma,"Dallas County, Alabama",United States,"Washington,_D.C."
Joseph Hall,Methuen,"Essex County, Massachusetts",United States,"Washington,_D.C."
Pete Shaw,Newark,"Essex County, New Jersey",United States,"Washington,_D.C."
Eric Floyd,Rome,"Floyd County, Georgia",United States,"Washington,_D.C."
Claude Thomas,Stanberry,"Gentry County, Missouri",United States,"Washington,_D.C."
Chuck Moore,Marianna,"Lee County, Arkansas",United States,"Washington,_D.C."
Paul Seymour,Toledo,"Lucas County, Ohio",United States,"Washington,_D.C."
Joe Morris,Wilkes-Barre,"Luzerne County, Pennsylvania",United States,"Washington,_D.C."
Arthur Gardner,Marinette,"Marinette County, Wisconsin",United States,"Washington,_D.C."
Daniel Webb,Paducah,"McCracken County, Kentucky",United States,"Washington,_D.C."
Marcus Freeman,Huber Heights,"Miami County, Ohio",United States,"Washington,_D.C."
Jack Kelley,Medford,"Middlesex County, Massachusetts",United States,"Washington,_D.C."
John Edwards,Newport,"Newport County, Rhode Island",United States,"Washington,_D.C."
Joe Reed,Newport,"Newport County, Rhode Island",United States,"Washington,_D.C."
Jeff Smith,Plover,"Pocahontas County, Iowa",United States,"Washington,_D.C."
Roger Taylor,Shawnee,"Pottawatomie County, Oklahoma",United States,"Washington,_D.C."
Jim O'Brien,Maplewood,"Ramsey County, Minnesota",United States,"Washington,_D.C."
Adam Smith,Murfreesboro,"Rutherford County, Tennessee",United States,"Washington,_D.C."
James Thomas,Schenectady,"Schenectady County, New York",United States,"Washington,_D.C."
Greg Davis,Memphis,"Shelby County, Tennessee",United States,"Washington,_D.C."
Michael Murphy,South Bend,"St. Joseph County, Indiana",United States,"Washington,_D.C."
Jack Martin,Plainfield,"Union County, New Jersey",United States,"Washington,_D.C."
Charlie Bicknell,Plainfield,"Union County, New Jersey",United States,"Washington,_D.C."
Chris Long,Vicksburg,"Warren County, Mississippi",United States,"Washington,_D.C."
Luke Watson,Stillwater,"Washington County, Minnesota",United States,"Washington,_D.C."
Mike Kelley,Wayne,"Wayne County, Michigan",United States,"Washington,_D.C."
Aaron Taylor,Wichita Falls,"Wichita County, Texas",United States,"Washington,_D.C."
Paul Mitchell,Worcester,"Worcester County, Massachusetts",United States,"Washington,_D.C."
Greg Brock,McMinnville,"Yamhill County, Oregon",United States,"Washington,_D.C."
Carl Long,Rock Hill,"York County, South Carolina",United States,"Washington,_D.C."
Josh Smith,Margate,Florida,United States,"Washington,_D.C."
David Hart,Marianna,Florida,United States,"Washington,_D.C."
Jeff King,Marion,Indiana,United States,"Washington,_D.C."
Brian Moore,Maquoketa,Iowa,United States,"Washington,_D.C."
Otto Schneider,Muscatine,Iowa,United States,"Washington,_D.C."
Bruce Rasmussen,Webster City,Iowa,United States,"Washington,_D.C."
Robin Clark,Tuscaloosa,"Tuscaloosa County, Alabama",United States,"Washington,_D.C."
William Henry Chandler,New Bedford,Massachusetts,United States,"Washington,_D.C."
Howard Storm,Newton,Massachusetts,United States,"Washington,_D.C."
Paul Mitchell,Worcester,Massachusetts,United States,"Washington,_D.C."
Jack Hill,Ogden,Utah,United States,"Washington,_D.C."
Matthew Gregory,Norwalk,Connecticut,United States,"Washington,_D.C."
Eric Moe,Durham,North Carolina,United States,"Washington,_D.C."
John Blake,Scranton,Pennsylvania,United States,"Washington,_D.C."
Josh Kelly,Yokosuka,Kanagawa Prefecture,Japan,Tokyo
