Mark Taylor,Albany,Georgia (U.S. state)),United States,"Washington,_D.C."
Mark Levine,Nashville,Tennessee,United States,"Washington,_D.C."
Jimmy Lewis,Nashville,Tennesseee,United Statess,"Washington,_D.C."
Andrew Wilson,Syracuse,New Yorkk,United Statess,"Washington,_D.C."
Mike Roberts,Syracuse,New Yorkk,United States,"Washington,_D.C."
Nicole Mitchell,Syracuse,New Yorkk,United Statess,"Washington,_D.C."
Mark Harris,Mobile,Alabama,United States,"Washington,_D.C."
Kevin Lee,Mobile,Alabamaa,United States,"Washington,_D.C."
Wayne Mills,Arab,Alabamaa,United Statess,"Washington,_D.C."
Paul McDonald,Auburn,Alabamaa,United Statess,"Washington,_D.C."
Paul Lambert,Birmingham,Alabamaa,United Statess,"Washington,_D.C."
Bill Latham,Birmingham,Alabamma,United Statess,"Washington,_D.C."
Tom Banks,Birmingham,AAlabama,United Statess,"Washington,_D.C."
Frank Welch,Birmingham,Alabama,United States,"Washington,_D.C."
Ernie Johnson,Berkeley,Californiaa,United Statess,"Washington,_D.C."
The Alchemist,Beverly Hills,California,United States,"Washington,_D.C."
George Harper,Arlington,Kentucky,United Statess,"Washington,_D.C."
Eddie Moore,Barlow,Kentucky,United Statess,"Washington,_D.C."
Ed Kennedy,Bellevue,Kenntucky,United Statess,"Washington,_D.C."
G. B. Edwards,Aberdeen,Maryyland,United Statess,"Washington,_D.C."
James Stanley,Jackson,Michigann,UUnited States,"Washington,_D.C."
Joe Glenn,Lincoln,Nebraska,United  States,"Washington,_D.C."
David Landis,Lincoln,Nebrraska,United Statees,"Washington,_D.C."
Tony Davis,Tecumseh,Nebraskaa,United Statess,"Washington,_D.C."
James King,Akron,Ohioo,Unnited States,"Washington,_D.C."
Bob Gaudio,Ashtabula,Ohio,Uniteed States,"Washington,_D.C."
Michael Andrew,Aberdeen,South Dakota,United States,"Washington,_D.C."
Eddie Moore,Barlow,"Ballard County, Kentucky",United States,"Washington,_D.C."
Sinbad,Benton Harbor,"Berrien County, Michigann",United Statess,"Washington,_D.C."
Robert Marx,Portland,"Clackamas County, Oregon",United Sttates,"Washington,_D.C."
Lew Beck,Portland,"Clackamas County, Oregon",United States,"Washington,_D.C."
Scott Taylor,Portland,"Clackamas County, Oregon",United Statess,"Washington,_D.C."
John Robinson,Portland,"Clackamas County, Oregon",United States,"Washington,_D.C."
Thomas Mann,Portland,"Clackamas County, Oregonn",United Statess,"Washington,_D.C."
James Harris,Albany,"Dougherty County, Georgiaa",United States,"Washington,_D.C."
Iris Smith,Albany,"Dougherty County, Georgiia",United Statess,"Washington,_D.C."
George Wadsworth,Beverly,"Essex County,, Massachusetts",United Statess,"Washington,_D.C."
Malcolm Brown,Biloxi,"Harrison County, Mississippii",United Statess,"Washington,_D.C."
Bud Moore,Birmingham,"Jefferson County, Alabama",United States,"Washington,_D.C."
William Barnes,Birmingham,"Jefferson County, Alabama",United Statess,"Washington,_D.C."
Ed Shaw,Tecumseh,"Johnson County, Nebraskaa",United Statess,"Washington,_D.C."
Tony Davis,Tecumseh,"Johnson County, Nebraskaa",United Statess,"Washington,_D.C."
Joe Glenn,Lincoln,"Lancaster County, Nebraska",United SStates,"Washington,_D.C."
Jim Hanna,Lincoln,"Lancaster County, Nebraskaa",United Statess,"Washington,_D.C."
John Jackson,Lincoln,"Lancaster County, Nebraskaa",United States,"Washington,_D.C."
Eric Stokes,Lincoln,"Lancaster County, Nebraskaa",United Statess,"Washington,_D.C."
Luke Jackson,Eugene,"Lane County, Oregon",United States,"Washington,_D.C."
Randall Edwards,Eugene,"Lane County, Oregonn",United States,"Washington,_D.C."
John Maxwell,Jackson,"Madison County, Mississippi",United States,"Washington,_D.C."
John Mitchell,Mobile,"Mobile County, Alabamaa",United States,"Washington,_D.C."
Donald Cook,Portland,"Multnomah Counnty, Oregon",United Sttates,"Washington,_D.C."
Jay Leach,Syracuse,"Onondaga County, New Yorkk",United States,"Washington,_D.C."
Joe Hill,Bangor,"Penobscot County, Mainee",United States,"Washington,_D.C."
James Carr,Bangor,"Penobscot County, Mainee",United States,"Washington,_D.C."
Josh Fields,Ada,"Pontotoc Couunty, Oklahoma",Unnited States,"Washington,_D.C."
John Thompson,Jackson,"Rankin County, Mississippii",United States,"Washington,_D.C."
Roy Bennett,Birmingham,"Shelby County, Alabama",United Statess,"Washington,_D.C."
Frank Welch,Birmingham,"Shelby County, Alabama",United Statess,"Washington,_D.C."
Richard Todd,Birmingham,"Shelby Countty, Alabama",United States,"Washington,_D.C."
Jimmy Murphy,Birmingham,"Shelby County, Alabamma",United  States,"Washington,_D.C."
Tommy Smith,Albemarle,"Stanly  County, North Carolina",United SStates,"Washington,_D.C."
Justin Lester,Akron,"Summit County, Ohioo",United States,"Washington,_D.C."
Mark Kennedy,Benson,"Swift County, Minnesotta",United States,"Washington,_D.C."
Chris Martin,Arlington,Texass,United Statess,"Washington,_D.C."
John Kiely,Ithaca,"Tompkins County, New York",United Stattes,"Washington,_D.C."
Frank Williams,Ashburn,"Turner County, Georgia",United Statess,"Washington,_D.C."
Bill Morgan,Portland,"Washington County, Oregon",United Statess,"Washington,_D.C."
Jack Wilson,Portland,"Washington Coounty, Oregon",United Statess,"Washington,_D.C."
John Robinson,Portland,"Washington County, Oregon",UUnited States,"Washington,_D.C."
Daniel Parker,Portland,"Washington County, Oregon",United Sttates,"Washington,_D.C."
Bernard Coyne,Anthon,"Woodbury Couunty, Iowa",United SStates,"Washington,_D.C."
Brad Scott,Arcadia,Florida,United States,"Washington,_D.C."
Dick Taylor,Algona,Iowaa,United Statess,"Washington,_D.C."
Thomas Coleman,Barnstable,Massachusetts,United States,"Washington,_D.C."
John Marshall,Cambridge,Massachusettss,United Statess,"Washington,_D.C."
William Phillips,Beverly,Massachusetts,United Statess,"Washington,_D.C."
Joe Courtney,Jackson,Mississippii,United States,"Washington,_D.C."
Aaron Harper,Jackson,Mississippii,United Statess,"Washington,_D.C."
Barry Lyons,Biloxi,Mississippi,United States,"Washington,_D.C."
Jack Lewis,Portland,Oregonn,United Statess,"Washington,_D.C."
James Whalen,Portland,Oregon,United States,"Washington,_D.C."
Chris Bailey,Portland,Oregonn,United Statess,"Washington,_D.C."
Syl Johnson,Portland,Oregoon,United Statess,"Washington,_D.C."
Don Barclay,Ashland,Oregoon,United Statess,"Washington,_D.C."
Adam Warren,Birmingham,Alabamaa,United Statess,"Washington,_D.C."
Frank Cooke,Bismarck,North Dakotaa,United States,"Washington,_D.C."
Charles Reid,Mont-Tremblant,Laurentides,Canadaa,Ottawa
David Dahl,Birmingham,"Jefferson County, Alabama",United Statess,"Washington,_D.C."
Adam Warren,Birmingham,"Shelby County, Alabamaa",United States,"Washington,_D.C."
Pata,Chiba,Chiba Prefecturee,Japan,Tokyo
Joe Williams,Daisy,Georgia (U.S. state),United Statess,"Washington,_D.C."
Andrew Brown,Chesapeake,Virginiaa,United Statess,"Washington,_D.C."
Dan Jennings,Daphne,Alabamaa,United States,"Washington,_D.C."
"Richmond McDavid Flowers, Jr.",Dothan,Alabama,United Statess,"Washington,_D.C."
Sean McNamara,Burbank,California,United Statess,"Washington,_D.C."
Brett Young,Carson,California,United Statess,"Washington,_D.C."
Chad Allen,Cerritos,Californiia,United Statees,"Washington,_D.C."
Tim Harris,Compton,California,United States,"Washington,_D.C."
Anthony Johnson,Compton,Californiaa,United Statess,"Washington,_D.C."
Laura Davis,Concord,Californiaa,United States,"Washington,_D.C."
Don Rose,Covina,Californiaa,United States,"Washington,_D.C."
George Clark,Carthage,Illinoiss,United States,"Washington,_D.C."
James Whitley,Decatur,Illinoiss,United States,"Washington,_D.C."
Jerry Lambert,Clyde,Kansass,United Statess,"Washington,_D.C."
John Doll,Dodge City,Kansass,United States,"Washington,_D.C."
Ben Ryan,Brighton,Michigann,United Stattes,"Washington,_D.C."
Edward Ellis,Coldwater,Michigan,United Sttates,"Washington,_D.C."
Peter Brown,Dearborn,Michigan,United Statess,"Washington,_D.C."
Heather Williams,Dearborn,Michhigan,Unitedd States,"Washington,_D.C."
Jessica Smith,Dearborn,Michigan,United States,"Washington,_D.C."
Scott Sanderson,Dearborn,Michigan,United Statess,"Washington,_D.C."
Kevin Lynch,Bloomington,Minnesotaa,United Staates,"Washington,_D.C."
Paul H. Anderson,Eden Prairie,Minnesota,United Statess,"Washington,_D.C."
Robert Simpson,Bosworth,Missourii,United States,"Washington,_D.C."
Colin Brown,Chillicothe,Missouri,United States,"Washington,_D.C."
Paul Miller,Diamond,Miissouri,United Statess,"Washington,_D.C."
John Kirby,David City,Nebrraska,Unnited States,"Washington,_D.C."
Jason Thompson,Camden,New Jerseyy,Unitedd States,"Washington,_D.C."
Lester Smith,Concord,North Carolinaa,United Statess,"Washington,_D.C."
Tracy Johnson,Concord,North Carolina,United Statess,"Washington,_D.C."
Mark Murphy,Canton,Ohiio,United States,"Washington,_D.C."
Michael Hawkins,Canton,Ohio,United States,"Washington,_D.C."
Tony King,Canton,Ohio,Unnited States,"Washington,_D.C."
Bob Peterson,Chillicothe,Ohio,United States,"Washington,_D.C."
Ted Lewis,Circleville,Ohioo,United Statess,"Washington,_D.C."
Jane Jacobs,Cuyahoga Falls,Ohioo,United Statess,"Washington,_D.C."
Rick Middleton,Delaware,OOhio,United Statess,"Washington,_D.C."
Al Michaels,DuBois,Pennsylvaniaa,United States,"Washington,_D.C."
Barbara Morgan,Buffalo,"Wilson CCounty, Kansas",United States,"Washington,_D.C."
David Smith,Decatur,"Adams County, Indiana",United Statess,"Washington,_D.C."
Bobby Bennett,Burlington,"Alamance County, North Carolina",United Statess,"Washington,_D.C."
S. John Ross,Cumberland,"Allegany County, Maryland",United Sttates,"Washington,_D.C."
Dan Jennings,Daphne,"Baldwin County, Alabamaa",United States,"Washington,_D.C."
Jason Thompson,Camden,"Camden County, New Jerseyy",United Statess,"Washington,_D.C."
John Jenkins,Bosworth,"Carroll County, Missouuri",United States,"Washington,_D.C."
Charles Pinckney,Charleston,"Charleston County, South Carolina",United Statess,"Washington,_D.C."
Charles Martin,Canton,"Cherokee County, Georgia",United Staates,"Washington,_D.C."
Justin Lewis,Douglas,"Coffee County, Georgia",United States,"Washington,_D.C."
Jason Carter,Decatur,"DeKalb County, Georgia",United Statess,"Washington,_D.C."
Randy Scott,Decatur,"DeKalb County, Georgiaa",United Statess,"Washington,_D.C."
Scott Taylor,Defiance,"Defiance County, Ohio",United States,"Washington,_D.C."
Mark Slater,Crosby,"Divide County, North Dakota",United Statess,"Washington,_D.C."
Mike Reilly,Dubuque,"Dubuque  County, Iowa",United Statess,"Washington,_D.C."
Joe Williams,Daisy,"Evans County, Georgiaa",United Statess,"Washington,_D.C."
Kevin Patterson,Brunswick,"Glynn Couunty, Georgia",United States,"Washington,_D.C."
John King,Demorest,"Habersham County, Georgiaa",United Statess,"Washington,_D.C."
Paul H. Anderson,Eden Prairie,"Hennepin County, Minnesotaa",United Statess,"Washington,_D.C."
Mark Wilson,Cottage Grove,"Lane County, Oregon",United  States,"Washington,_D.C."
Joseph Abbott,Decatur,"Limestone Countty, Alabama",United States,"Washington,_D.C."
Jeff Smith,Columbus,"Lowndes Couunty, Mississippi",United States,"Washington,_D.C."
John Smith,Columbus,"Lowndes County, Mississippii",United States,"Washington,_D.C."
Tyson Lee,Columbus,"Lowndes County, Mississippi",United Statess,"Washington,_D.C."
James Griffin,Camilla,"Mitchell County, Georgia",United States,"Washington,_D.C."
Terry Taylor,Crestview,"Okaloosa County, Floridaa",United States,"Washington,_D.C."
Scott Gordon,Brockton,"Plymouth County, Massachusettss",Unitedd States,"Washington,_D.C."
Chris Bender,Brockton,"Plymouth County, Massachusettss",United States,"Washington,_D.C."
Nancy Wilson,Chillicothe,"Ross County, Ohio",United Statess,"Washington,_D.C."
Wayne Stevens,Chillicothe,"Ross County, Ohioo",United Statess,"Washington,_D.C."
Thomas Williams,Duluth,"St. Louis Coounty, Minnesota",United States,"Washington,_D.C."
Michael Davies,Chesterfield,"St. Louis County, Missourii",United States,"Washington,_D.C."
Michael Hawkins,Canton,"Stark County, Ohioo",Unitedd States,"Washington,_D.C."
Steve Miller,Canton,"Stark County, Ohio",United Statess,"Washington,_D.C."
Mike Barr,Canton,"Stark County, Ohio",United Stattes,"Washington,_D.C."
George Rex,Canton,"Stark County, Ohio",United States,"Washington,_D.C."
Doug Berry,Claremont,"Sullivan County, New Hampshire",United States,"Washington,_D.C."
Paul Collins,Danbury,"Woodbury County, Iowa",United Statess,"Washington,_D.C."
Leonard Johnson,Clearwater,Floridaa,Unitted States,"Washington,_D.C."
Aaron Kelly,Davenport,Floridda,Uniteed States,"Washington,_D.C."
Horace Allen,DeLand,Floridaa,United Statees,"Washington,_D.C."
James Wilson,Crawfordsville,Indianaa,Uniited States,"Washington,_D.C."
Thomas Andrews,Brockton,Massachuusetts,United Statess,"Washington,_D.C."
Frank Whitney,Brockton,Massachusettss,United States,"Washington,_D.C."
Jeff Smith,Columbus,Mississippi,United Statess,"Washington,_D.C."
John Smith,Columbus,Mississippii,United Statess,"Washington,_D.C."
John Kean,Elizabeth,Neew Jersey,United States,"Washington,_D.C."
James Manning,Elizabeth,New Jerseyy,United States,"Washington,_D.C."
Jack Marshall,El Dorado,"Butler County, Kansass",United Sttates,"Washington,_D.C."
Roger Marshall,El Dorado,"Butler County, Kansas",United  States,"Washington,_D.C."
David Green,Emporia,"Lyon County, Kanssas",United Statess,"Washington,_D.C."
Stephen Lee,Englewood,"Bergen County, New Jerseyy",United Statess,"Washington,_D.C."
Ernie Jones,Elkhart,"Elkhart County, Indiana",United Statess,"Washington,_D.C."
John Morris,Elizabeth,"Union County, New Jerseyy",United Statess,"Washington,_D.C."
James Manning,Elizabeth,"Union County, New Jerseyy",United Statess,"Washington,_D.C."
John Richardson,Durham,County Durhamm,United Kingdom,London
William Chapman,Durham,County Durham,Unitted Kingdom,London
Sarah Clark,Durham,County Durhamm,United Kingdomm,London
Joseph Gray,Durham,County Durhamm,United Kingdom,London
Christian Taylor,Fayetteville,Georgia (UU.S. state),United Statess,"Washington,_D.C."
Andrew Adams,Fayetteville,Georgia (U.S. state)),United States,"Washington,_D.C."
Corey Johnson,Forest Park,Georgia (U.S. state),United SStates,"Washington,_D.C."
John King,Gainesville,Georgia (U.S. state)),United Statess,"Washington,_D.C."
Patrick Johnson,Gainesville,Georgia (U.S. state),United Statess,"Washington,_D.C."
Josh Fields,Hull,Georgia (U.S. sstate),Uniited States,"Washington,_D.C."
Chris Beck,Jefferson,Georgia (U.S. state)),United Statess,"Washington,_D.C."
Chris Ellis,Hampton,Virginia,United States,"Washington,_D.C."
Kevin Mitchell,Harrisburg,"Cumberland County, Pennsylvaniaa",Unitted States,"Washington,_D.C."
Kris Wilson,Harrisburg,"Cumberland County, Pennsylvaniaa",United Staates,"Washington,_D.C."
Jennifer Brady,Harrisburg,"Cumberland County, Pennsylvaniaa",United States,"Washington,_D.C."
Mike Regan,Harrisburg,"Cumberland County, Pennsylvaniaa",United Statess,"Washington,_D.C."
Walter Gilbert,Fairfield,Alabamma,Unnited States,"Washington,_D.C."
Mark Thompson,Florence,Alabama,United Statess,"Washington,_D.C."
Stacy Jones,Gadsden,Alabama,United Statess,"Washington,_D.C."
Roger Brown,Hamilton,Alabamaa,United States,"Washington,_D.C."
Mick Jenkins,Huntsville,Alabamaa,Unitted States,"Washington,_D.C."
Terry Owens,Jasper,Alabamaa,United States,"Washington,_D.C."
Jim Walkup,Havana,Arkannsas,United Statess,"Washington,_D.C."
Gauge,Hot Springs,Arkansass,United States,"Washington,_D.C."
James White,Hot Springs,Arkansass,United  States,"Washington,_D.C."
Billy Taylor,Hoxie,Arkansas,United States,"Washington,_D.C."
Robert Thomas,Jacksonville,Arkansass,United States,"Washington,_D.C."
Alex Kim,Fullerton,Californiaa,United Statess,"Washington,_D.C."
Chris Holmes,Glendale,California,Unnited States,"Washington,_D.C."
Bryan Taylor,Hanford,California,Unitedd States,"Washington,_D.C."
Keith Johnson,Hanford,Californiaa,United States,"Washington,_D.C."
Tim Scott,Hanford,California,United States,"Washington,_D.C."
Mark Lee,Inglewood,California,United States,"Washington,_D.C."
Sabi,Inglewood,Californiaa,United Statess,"Washington,_D.C."
Sabi,Inglewood,Californiaa,United States,"Washington,_D.C."
Christian Friedrich,Evanston,Illinois,United Statess,"Washington,_D.C."
Brandon Brown,Houma,Loouisiana,United Statess,"Washington,_D.C."
James Young,Flint,Michigann,Unitted States,"Washington,_D.C."
Charles Smith,Flint,Michigan,United States,"Washington,_D.C."
John Sanders,Grand Island,Nebraska,United Statess,"Washington,_D.C."
Joe Harris,Fayetteville,North Carolinaa,United States,"Washington,_D.C."
Eric Hicks,Greensboro,North Carolinaa,United States,"Washington,_D.C."
Jerry Ellis,Hugo,Oklahomaa,United Statess,"Washington,_D.C."
Kevin Mitchell,Harrisburg,Pennsylvaniaa,United States,"Washington,_D.C."
Ian Williams,Johnstown,Pennsylvaniaa,Uniited States,"Washington,_D.C."
John Walker,Johnstown,Pennsylvaniaa,United Statess,"Washington,_D.C."
Robert Baker,Gainesville,"Alachua Couunty, Florida",United Statess,"Washington,_D.C."
Paul Drayton,Glen Cove,"Nassau County, New York",United States,"Washington,_D.C."
Mark Lewis,Hamilton,"Butler County, Ohio",United Statess,"Washington,_D.C."
John Woods,Johnstown,"Cambrria County, Pennsylvania",UUnited States,"Washington,_D.C."
Frank Burns,Johnstown,"Cambria County, Pennsylvania",United States,"Washington,_D.C."
Douglas Miller,Johnstown,"Cambria County, Pennsylvaniaa",United Statess,"Washington,_D.C."
Charles Dudley,Harrisburg,"Dauphin County, Pennsylvaniaa",United Sttates,"Washington,_D.C."
Timothy Davis,Gloucester,"Essex County, Massachusettss",Unitedd States,"Washington,_D.C."
James Carr,Haverhill,"Essex County, Massachusettss",United Statess,"Washington,_D.C."
Calvin Russell,Fairburn,"Fulton County, Georgiaa",United Statess,"Washington,_D.C."
Thomas Brown,Galveston,"Galveston Counnty, Texas",United Statess,"Washington,_D.C."
Jack Keenan,Greensboro,"Guilford County, North Carolinaa",United Statess,"Washington,_D.C."
Henry Williams,Greensboro,"Hale County, Alabamaa",United Statess,"Washington,_D.C."
Matt McClure,Gainesville,"Hall County, Georgia",United States,"Washington,_D.C."
Jennifer Taylor,Hoboken,"Hudson County, New Jersey",United States,"Washington,_D.C."
Richard Jordan,Holdenville,"Hughes County, Oklahomaa",United Statess,"Washington,_D.C."
Chris Beck,Jefferson,"Jackson Counnty, Georgia",United Statess,"Washington,_D.C."
Walter Gilbert,Fairfield,"Jefferson Coounty, Alabama",United States,"Washington,_D.C."
Derrick Graham,Groveland,"Lake County, Floridaa",United Statess,"Washington,_D.C."
Margaret Craven,Helena,"Lewis and Clark County, Montanaa",United  States,"Washington,_D.C."
Roger Brown,Hamilton,"Marion County, Alabama",Unitedd States,"Washington,_D.C."
Jim Lind,Isle,"Mille Lacs County, Minnesota",United States,"Washington,_D.C."
Brandon Smith,Hazard,"Perry County, Kentucky",Unitted States,"Washington,_D.C."
Mary Lambert,Helena,"Phillips County, Arkansass",United States,"Washington,_D.C."
John Hancock,Hazen,"Prairie County, Arkansas",United States,"Washington,_D.C."
John Brewer,Griffin,"Spalding County, Georgiaa",United Statess,"Washington,_D.C."
Richie Cunningham,Houma,"Terrebonnne Parish, Louisiana",United Statess,"Washington,_D.C."
Robert Jones,Jeffersonville,"Twigggs County, Georgia",United Sttates,"Washington,_D.C."
Dan Miller,Highland Park,"Wayne County, Michigann",United States,"Washington,_D.C."
Peter Marshall,Huntington,"Wayne County, West Virginiaa",United States,"Washington,_D.C."
Craig Johnson,Huntington,"Wayne County, West Virginia",United States,"Washington,_D.C."
Jimmy Stewart,Huntington,"Wayne County, West Virginia",United States,"Washington,_D.C."
Michael Ray,Eustis,Floridaa,United Statess,"Washington,_D.C."
Ryan McIntosh,Hollywood,Floorida,United Statess,"Washington,_D.C."
John Bowers,Garrett,Indiana,United Statess,"Washington,_D.C."
Jeremy Jordan,Hammond,Indianaa,United Statess,"Washington,_D.C."
Jeremy Jordan,Hammond,Inndiana,United States,"Washington,_D.C."
Alan Campbell,Homestead,"Miami-Dade County, Floridaa",United Stattes,"Washington,_D.C."
Ryan McIntosh,Hollywood,"Broward  County, Florida",United States,"Washington,_D.C."
Jack Ryan,Haverhill,Massachusetts,United States,"Washington,_D.C."
Carlos Antoine Emmons,Greenwood,Mississippii,United States,"Washington,_D.C."
Robert Kent,Indianola,Mississippii,United States,"Washington,_D.C."
James Anderson,Junction City,Arkansass,Uniteed States,"Washington,_D.C."
Jimmy Smith,Kankakee,Illinoiss,United States,"Washington,_D.C."
Al Smith,Kirkwood,Missouuri,United States,"Washington,_D.C."
Lou Brock,Kalamazoo,"Kalamazoo County, Michigan",United States,"Washington,_D.C."
Jimmy Smith,Kankakee,"Kankakeee County, Illinois",United States,"Washington,_D.C."
Brandon Williams,Kirkwood,"St. Louis County, Missourii",United Sttates,"Washington,_D.C."
Brett Williams (American football),Kissimmee,Floridda,United Statess,"Washington,_D.C."
David Robinson,Key West,Florida,United States,"Washington,_D.C."
John Patterson,Key West,Florida,United States,"Washington,_D.C."
John Elliott,Keosauqua,Iowaa,Uniteed States,"Washington,_D.C."
Frank Holder,Georgetown,Demerara-Mahaicaa,Guyanaa,"Georgetown,_Guyana"
Troy Davis,Lawrenceville,Georgia (U.S.  state),United Statess,"Washington,_D.C."
Mark Thomas,Lilburn,Georgia (U.S. statte),United Stattes,"Washington,_D.C."
Bill Copeland,Lilburn,Georgia (U.S.. state),United Statess,"Washington,_D.C."
George Foster,Macon,Georgia (U.S. staate),United Statess,"Washington,_D.C."
Vernon Smith,Macon,Georgia (U.S. state),United Statess,"Washington,_D.C."
William Lindsay,Lexington,Viirginia,United Statess,"Washington,_D.C."
Mike Hubbard,Lynchburg,Virginnia,Uniteed States,"Washington,_D.C."
George Adams,Lynchburg,Virginiaa,United Statees,"Washington,_D.C."
Chris Cook,Lynchburg,Virgginia,United States,"Washington,_D.C."
Tyler Wilson,Lynchburg,Virrginia,UUnited States,"Washington,_D.C."
Walter Schmidt,London,Arkansass,United States,"Washington,_D.C."
Jack Haley,Long Beach,Californiaa,United States,"Washington,_D.C."
Brad Wilson,Long Beach,California,United Statess,"Washington,_D.C."
Jack Smith,Long Beach,Californiaa,United Statess,"Washington,_D.C."
James McDonald,Long Beach,Californiaa,United States,"Washington,_D.C."
Ted Robinson,Long Beach,California,United States,"Washington,_D.C."
Jon Bentley,Long Beach,Caalifornia,United States,"Washington,_D.C."
Gary Holman,Long Beach,California,United States,"Washington,_D.C."
Josh Zuckerman,Los Alamitos,California,United Statess,"Washington,_D.C."
Jake Scott,Lewiston,Idaho,United States,"Washington,_D.C."
Lawrence Brown,Lawrence,Kansas,United States,"Washington,_D.C."
Chris Brown,Liberal,KKansas,Uniteed States,"Washington,_D.C."
Jim Jones,London,Kentucky,United States,"Washington,_D.C."
Jack Conway,Louisville,Kentuckyy,United Statess,"Washington,_D.C."
Mary Fisher,Louisville,Kentucky,United Statess,"Washington,_D.C."
Joel Parker,Louisville,Kentucky,United States,"Washington,_D.C."
Michael Williams,Louisville,Kentucky,United Statess,"Washington,_D.C."
Larry Clark,Louisville,Kentuucky,United  States,"Washington,_D.C."
Cameron Watson,Louisville,Kentuckyy,United States,"Washington,_D.C."
Bill White,Louisville,Kentuckyy,Unitedd States,"Washington,_D.C."
Robert Manning,Manchester,Kentuckyy,United States,"Washington,_D.C."
Joe Thomas,Lafayette,Louisiiana,United Stattes,"Washington,_D.C."
Keith Thibodeaux,Lafayette,Louissiana,United States,"Washington,_D.C."
Reggie Williams,Lake Charles,Louisiana,United States,"Washington,_D.C."
Ron Miller,Lake Charles,Louisianaa,United Statess,"Washington,_D.C."
Christopher Stone,Manchester,New Hampshire,United States,"Washington,_D.C."
Ken Wood,Lincolnton,North Carollina,United Statess,"Washington,_D.C."
Lindsay Davis,Lakewood,Ohioo,United Statess,"Washington,_D.C."
Mary Lawrence,Lorain,Ohio,United Statess,"Washington,_D.C."
Chris Brown,Liberal,"Seward County, Kansas",United Statess,"Washington,_D.C."
Travis Walton,Lima,"Allen County, Ohio",United Statess,"Washington,_D.C."
George Foster,Macon,"Bibb County, Georgia",United States,"Washington,_D.C."
Leon Williams,Macon,"Bibb Counnty, Georgia",United States,"Washington,_D.C."
Craig Stevens,Liberty,"Clay County, Missouri",United States,"Washington,_D.C."
Robert Wright,Lawton,"Comanche County, Oklahoma",United Statess,"Washington,_D.C."
Benjamin Curtis,Lawton,"Comanche County, Oklahomaa",United States,"Washington,_D.C."
Imran Khan,Madison,"Dane County, Wisconsinn",United States,"Washington,_D.C."
Blake Young,Madison,"Dane County, Wisconsinn",United States,"Washington,_D.C."
Pierre Bernard,Leon,"Decatur County, Iowaa",United Statess,"Washington,_D.C."
Bill Cronin,Lawrence,"Essex County, Massachusettss",United States,"Washington,_D.C."
Albert Cole,Lynn,"Essex County, Massachusettss",United Staates,"Washington,_D.C."
Kathy Sullivan,Manchester,"Hillsborough County, New Hampshire",United States,"Washington,_D.C."
Christopher Stone,Manchester,"Hillsborough County, New Hampshire",United  States,"Washington,_D.C."
George Benson,Madison,"Jefferson County, Indianaa",Uniited States,"Washington,_D.C."
Mary Fisher,Louisville,"Jefferson County, Kentuckyy",Uniteed States,"Washington,_D.C."
Joel Parker,Louisville,"Jefferson County, Kentucky",United States,"Washington,_D.C."
Bill White,Louisville,"Jefferson County, Kentucky",United States,"Washington,_D.C."
Rick Wilson,Louisville,"Jefferson County, Kentucky",United States,"Washington,_D.C."
Stephen Jones,Lafayette,"Lafayette Parish, Louisianaa",United Statess,"Washington,_D.C."
Randy Brown,Leesburg,"Lake County, Floridaa",United Statess,"Washington,_D.C."
Roy Rogers,Linden,"Marengo County, Alabamaa",United States,"Washington,_D.C."
John Miller,Lowell,"Middlesex County, Massachusettss",United Statess,"Washington,_D.C."
John Grady,Lowell,"Middlesex County, Massachusetts",Uniited States,"Washington,_D.C."
Frank Wilson,Malden,"Middlesex County, Massacchusetts",United  States,"Washington,_D.C."
Dusty Miller,Malvern,"Mills County, Iowaa",United States,"Washington,_D.C."
Mike Fellows,Lewiston,"Nez Perce County, Idaho",United Stattes,"Washington,_D.C."
Frank Sawyer,Mansfield,"Richland County, Ohio",United States,"Washington,_D.C."
Bob Simmons,Livingston,"Sumter County, Alabamaa",United Sttates,"Washington,_D.C."
Chris Conrad,Lafayette,"Tippecanoe County, Indiana",United Statess,"Washington,_D.C."
Jonathan Johnson,LaGrange,"Troup County, Georgiaa",United States,"Washington,_D.C."
Kevin Dean,Madison,Wisconsin,United Statess,"Washington,_D.C."
Bill Foster,Madison,Wisconsin,UUnited States,"Washington,_D.C."
Bill Collins,Madison,Wisconsin,United Statess,"Washington,_D.C."
Richard Young,Kissimmee,Florida,United Stattes,"Washington,_D.C."
Scott Adams,Lake City,Florida,United Stattes,"Washington,_D.C."
Jerry Johnson,Linn Grove,Iowaa,United Statess,"Washington,_D.C."
Dusty Miller,Malvern,Iowa,United States,"Washington,_D.C."
Bill Cronin,Lawrence,Massachusetts,United Statess,"Washington,_D.C."
Tim Callahan,Lawrence,Massachusetts,United States,"Washington,_D.C."
John Miller,Lowell,Massachusetts,United States,"Washington,_D.C."
Ed Flanagan,Lowell,Massachusetts,United Statess,"Washington,_D.C."
David Robinson,Malden,Massachusetts,United Stattes,"Washington,_D.C."
Andy Kennedy,Louisville,Mississippi,UUnited States,"Washington,_D.C."
Dick Smith,Lebanon,Oregon,United  States,"Washington,_D.C."
William Wynne,Marietta,Georgia (U.S. state),United Statess,"Washington,_D.C."
Richard Shelton,Marietta,Georgia (U.S. state),United States,"Washington,_D.C."
Eric Harris,Marietta,Georgia (U.S. state)),United States,"Washington,_D.C."
Chuck Moore,Marianna,Arkaansas,United Stattes,"Washington,_D.C."
Jim O'Brien,Maplewood,Minnesotta,United States,"Washington,_D.C."
David Hale,Marietta,"Coobb County, Georgia",United States,"Washington,_D.C."
Brian Moore,Maquoketa,"Jackson County, Iowaa",United Statess,"Washington,_D.C."
Hugh Douglas,Mansfield,"Richland County, Ohio",United States,"Washington,_D.C."
Billy Burns,Marietta,Georgia (U.S. state)),United Statess,"Washington,_D.C."
Steve Sanders,Richland,Georgia (U.S. state)),United States,"Washington,_D.C."
Michael Thompson,Savannah,Georgia (U.S. state)),United States,"Washington,_D.C."
David Porter,Memphis,Tennnessee,Uniited States,"Washington,_D.C."
Greg Davis,Memphis,Tennesseee,United Statess,"Washington,_D.C."
Jim Walsh,Norfolk,Virginia,United Statess,"Washington,_D.C."
Mark West,Petersburg,Virginiaa,United Statess,"Washington,_D.C."
Alan Campbell,Richmond,Virginia,United States,"Washington,_D.C."
Michael Foster,Richmond,Virginiaa,United Statess,"Washington,_D.C."
Helen Smith,Richmond,Virginiaa,United Statess,"Washington,_D.C."
Chris Booker,Monroeville,Alabamaa,United States,"Washington,_D.C."
Taylor Thompson,Montgomery,Alabama,Uniited States,"Washington,_D.C."
John Cunningham,Montgomery,Alabamaa,United Statess,"Washington,_D.C."
James Joseph,Phenix City,Alabbama,United Statess,"Washington,_D.C."
Savannah,Mission Viejo,California,United Statess,"Washington,_D.C."
Jackie Warner,Monrovia,California,United States,"Washington,_D.C."
Ian Johnson,Monrovia,Californiaa,United Statess,"Washington,_D.C."
John Larkin,Oakland,Californiaa,United States,"Washington,_D.C."
Scott Ross,Sacramento,Californiaa,United Statess,"Washington,_D.C."
Andre Schmid,Sacramento,Californiaa,Unitedd States,"Washington,_D.C."
Kevin Murphy,San Clemente,California,United States,"Washington,_D.C."
Kyle Williams,San Jose,California,United  States,"Washington,_D.C."
Tony Ward,San Jose,Californiaa,United Statess,"Washington,_D.C."
Colin Long,Santa Ana,California,United States,"Washington,_D.C."
Peter Buck,South Portland,Maaine,United  States,"Washington,_D.C."
Guy Sparrow,Pontiac,Michigan,United Statess,"Washington,_D.C."
Matt Bell,Saginaw,Michigan,United States,"Washington,_D.C."
Paul Young,Melrose,Minnesota,Unitedd States,"Washington,_D.C."
Jason Blake,Moorhead,Minnesotaa,United Statess,"Washington,_D.C."
Malcolm Williams,Spring Valley,Minnesotaa,United Statess,"Washington,_D.C."
Jack Little,Missoula,Montanaa,United States,"Washington,_D.C."
Frank Smith,Poplar,Montana,United Statess,"Washington,_D.C."
Jim Gibbons,Sparks,Nevadaa,United States,"Washington,_D.C."
William Bates,Newark,New Jerseyy,Unnited States,"Washington,_D.C."
Larry Young,Newark,New Jersey,United States,"Washington,_D.C."
Theodore Taylor,Statesville,North Carolinna,United Statess,"Washington,_D.C."
Matt McCall,Statesville,North Carolina,United States,"Washington,_D.C."
Harrison Gray Otis,Marietta,Ohioo,United States,"Washington,_D.C."
Jason Wilson,Martins Ferry,Ohio,Uniited States,"Washington,_D.C."
Danny Doyle,McLoud,Oklahomma,United States,"Washington,_D.C."
Jason Wilson,Martins Ferry,"Belmont County, Ohioo",United Statess,"Washington,_D.C."
Brian Carpenter,Melbourne,"Brevard County, Florida",United States,"Washington,_D.C."
Henry Williams,Taunton,"Bristol County, Massachusettss",United States,"Washington,_D.C."
Tony Franklin,Princeton,"Caldwell County, Kentuckyy",United States,"Washington,_D.C."
Michael Thompson,Savannah,"Chatham County, Georgiaa",United States,"Washington,_D.C."
Tyrell Johnson,Rison,"Cleveland County, Arkansas",United Sttates,"Washington,_D.C."
Adam Morgan,Marietta,"Cobb County, Georgia",United States,"Washington,_D.C."
Pierce Butler,Rosemount,"Dakota County, Minnesota",Uniteed States,"Washington,_D.C."
Arthur Walsh,Newark,"Essex County, New Jerseyy",United States,"Washington,_D.C."
Roger LeClerc,Springfield,"Hampden County, Massachusetts",United Stattes,"Washington,_D.C."
Gary Walker,Royston,"Hart County, Geeorgia",United SStates,"Washington,_D.C."
George Kennan,Norwalk,"Huron County, Ohioo",United Statess,"Washington,_D.C."
Alan Curtis,Mason,"Ingham County, Michigan",United States,"Washington,_D.C."
Andrew Evans,Portage,"Kalamazoo County, Michigan",United States,"Washington,_D.C."
Gary Walker,Royston,"Madison County, Geeorgia",United Statess,"Washington,_D.C."
Bob Allen,Marion,"Marion County, Ohioo",United States,"Washington,_D.C."
Joe Harris,Melrose,"Middlesex County, Massachusetts",United Sttates,"Washington,_D.C."
James Logue,Melrose,"Middllesex County, Massachusetts",United Statess,"Washington,_D.C."
Tim Burke,Melrose,"Middlesex County, Massachusettss",United Statess,"Washington,_D.C."
Bob Emery,Somerville,"Middlesex County, Massachusettss",United States,"Washington,_D.C."
Rod Smith,Texarkana,"Miller County, Arkansas",United States,"Washington,_D.C."
John Chandler,New London,"New London County, Connecticut",United States,"Washington,_D.C."
William Jones,Newport,"Newport County, Rhode Island",United Statess,"Washington,_D.C."
Colin Stuart,Rochester,"Olmsted County, Minnesota",United States,"Washington,_D.C."
Greg Orton,Nebraska City,"Otoe County, Nebraska",United States,"Washington,_D.C."
Bud Thomas,Sedalia,"Pettis County, Missourii",United Statess,"Washington,_D.C."
Terry Johnson,Portsmouth,"Scioto County, Ohioo",United Statess,"Washington,_D.C."
Andy Cook,Memphis,"Shelby County, Tennessee",United Staates,"Washington,_D.C."
David Nelson,Pendleton,"Umatilla County, Oregon",United Statess,"Washington,_D.C."
Bill Thompson,Terre Haute,"Vigo CCounty, Indiana",United Statess,"Washington,_D.C."
Christian Thompson,Melbourne,Floridaa,Unitedd States,"Washington,_D.C."
Carl Wright,Orlando,Florida,Uniteed States,"Washington,_D.C."
Barry Jones,Richmond,Indiana,United Sttates,"Washington,_D.C."
Steve Nemeth,South Bend,Indianaa,United Stattes,"Washington,_D.C."
Daniel Davis,South Bend,Indianaa,United States,"Washington,_D.C."
Charles Butterworth,South Bend,Indianaa,United Statess,"Washington,_D.C."
Elliot Johnson,Safford,Arizonaa,Unnited States,"Washington,_D.C."
Charles Hudson,Marlborough,Massachusettss,United Statess,"Washington,_D.C."
John Buckley,Marlborough,Massachusetts,United SStates,"Washington,_D.C."
Robert Preston,Newton,Massachusetts,United Statess,"Washington,_D.C."
William Miller,Pittsfield,Massachusetts,United States,"Washington,_D.C."
William Rice,Springfield,Massachuseetts,United Statess,"Washington,_D.C."
Richard Harvey,Pascagoula,Mississippi,United Statess,"Washington,_D.C."
Steve Conway,Ontario,Oregonn,United States,"Washington,_D.C."
Michael Palmer,Tucker,Georgia (U.S. state),United Statess,"Washington,_D.C."
Aaron Jones,Tuscaloosa,Alabama,United Statess,"Washington,_D.C."
Sheila Armstrong,Upland,Californiaa,United Statess,"Washington,_D.C."
Jim Ellis,Tulare,California,United Statess,"Washington,_D.C."
Kevin Johnson,Trenton,New Jerseyy,United Statess,"Washington,_D.C."
Aaron Walker,Titusville,"Brevard County, Floridaa",United Statess,"Washington,_D.C."
Jack Gardner,Texico,"Curry County, New Mexico",United States,"Washington,_D.C."
Catherine Cox,Toledo,"Lucas County, Ohioo",United Statess,"Washington,_D.C."
Christopher Moore,Toledo,"Lucas County, Ohioo",United States,"Washington,_D.C."
Charles Miller,Tompkinsville,"Monroe Counnty, Kentucky",United Statess,"Washington,_D.C."
Thelma Harper,Brentwood,Tennesseee,United States,"Washington,_D.C."
Jerry Anderson,Murfreesboro,Tennessee,United Statess,"Washington,_D.C."
John Barnhill,Savannah,Tennesssee,United Statees,"Washington,_D.C."
Guy Morgan,Virginia Beach,Virginiaa,United States,"Washington,_D.C."
John Davenport,Winchester,Virginiaa,United  States,"Washington,_D.C."
Wayne Jackson,West Memphis,Arkansass,United States,"Washington,_D.C."
Steve Scott,Upland,California,Unitted States,"Washington,_D.C."
Ross Harris,Ventura,Caalifornia,United Statess,"Washington,_D.C."
Raven,Victorville,California,United Statess,"Washington,_D.C."
Matthew Wood,Walnut Creek,Caalifornia,United Statess,"Washington,_D.C."
Jack Barry,Meriden,Connecticut,United Statess,"Washington,_D.C."
Michael O'Donnell,Wichita,Kansass,United SStates,"Washington,_D.C."
XV,Wichita,Kansas,United States,"Washington,_D.C."
Jeremy Bates,Manhattan,Kansass,United States,"Washington,_D.C."
Bert Pearson,Manhattan,Kansas,United Statess,"Washington,_D.C."
Daniel Welch,Hastings,Minnesotta,United Statess,"Washington,_D.C."
James Black,Hackensack,New Jerseyy,United SStates,"Washington,_D.C."
Gordon Kirkland,Durham,North Carolina,United States,"Washington,_D.C."
Roger Carter,Sandusky,Ohio,United States,"Washington,_D.C."
John Barr,Shamokin,Pennsylvannia,United Statess,"Washington,_D.C."
Dave Williams,Scranton,Pennsylvaniaa,United Statess,"Washington,_D.C."
Richard Hart,Providence,Rhode Islandd,United States,"Washington,_D.C."
David Ball,Rock Hill,South Carolinaa,United Statess,"Washington,_D.C."
Preston Jones,Anderson,South Caroliina,United States,"Washington,_D.C."
Tony Stewart,Chester,South Carolina,United Statess,"Washington,_D.C."
Billy Williams,Newberry,South Carolina,United States,"Washington,_D.C."
John Wilson,Seneca,South Carolinaa,United Sttates,"Washington,_D.C."
William Elliott,Beaufort,"Beaufort County, South Carolinaa",United Statess,"Washington,_D.C."
David Cobb,Killeen,"Bell County, Texas",United Statess,"Washington,_D.C."
Crowder,Texarkana,"Bowie County, Texass",United States,"Washington,_D.C."
Michael DeForest Wilson,Wilmington,"Clinton County, Ohio",United States,"Washington,_D.C."
John B. Jones,Mitchell,"Davison County, South Dakota",United Statess,"Washington,_D.C."
Tony Baker,High Point,"Forsyth Countty, North Carolina",United Statess,"Washington,_D.C."
Harry Wilson,Johnstown (city),"Fulton County, New York",United States,"Washington,_D.C."
Terry Jackson,Sherman,"Grayson County, Texas",United States,"Washington,_D.C."
Michael Huey,Longview,"Gregg County, Texas",United States,"Washington,_D.C."
William Hayes,High Point,"Guilford County, North Carolinaa",United Statess,"Washington,_D.C."
Jim Stewart,Middleton,"Hardeman County, Tennessee",United States,"Washington,_D.C."
Brian Johnson,Baytown,"Harris County, Texass",Unitedd States,"Washington,_D.C."
Bob Wilson,Clarksburg,"Harrison County, West Virginiaa",United States,"Washington,_D.C."
John Palmer,Kingsport,"Hawkins County, Tennessee",United  States,"Washington,_D.C."
George Pratt,Beaumont,"Jefferson County, Texas",United Statess,"Washington,_D.C."
Dick Campbell,Beaumont,"Jefferson County, Texas",UUnited States,"Washington,_D.C."
Richard Carey,Waterville,"Kennebec County, Maine",United States,"Washington,_D.C."
Harry Thompson,Nanticoke,"Luzerne County, Pennsylvaniaa",United Statess,"Washington,_D.C."
Jeff Austin,Waltham,"Middlesex County, Massachusettss",United Statess,"Washington,_D.C."
Kyle York,Cameron,"Milam County, TTexas",United Statess,"Washington,_D.C."
Kyle Bennett,Conroe,"Montgomery County, Texass",United Statess,"Washington,_D.C."
Bryan Smith,Newton,"Newton County, Texass",United Statess,"Washington,_D.C."
Mike Morris,Braintree,"NNorfolk County, Massachusetts",United States,"Washington,_D.C."
Ben Robertson,Clemson,"Pickens County, South Carolina",United Sttates,"Washington,_D.C."
Jason Johnson,Tacoma,"Pierce County, Washington",United States,"Washington,_D.C."
Steve Wilkinson (tennis),Sioux City,"Plymouth County, Iowa",United States,"Washington,_D.C."
Richard Hart,Providence,"Providence County, Rhode Issland",United Statess,"Washington,_D.C."
Greg Jackson,Augusta,"Richmond County, Georgiaa",Uniited States,"Washington,_D.C."
Chris Brown,Augusta,"Richmond County, Georgiaa",United Statess,"Washington,_D.C."
Eric Alexander,Tyler,"Smith County, Texass",United Sttates,"Washington,_D.C."
Don Cherry,Wichita Falls,Texass,United States,"Washington,_D.C."
Rebecca Robinson,Buffalo,Texass,United Statess,"Washington,_D.C."
John Boles,Greenville,Texas,United States,"Washington,_D.C."
John Boles,Greenville,Texas,Unitedd States,"Washington,_D.C."
Craig James,Jacksonville,Texass,United States,"Washington,_D.C."
Craig Johnson,Kermit,Texass,United States,"Washington,_D.C."
Crowder,Texarkana,Texas,United Statess,"Washington,_D.C."
Scott Perry,Denison,Texas,United  States,"Washington,_D.C."
Michael Huey,Longview,Texas,United States,"Washington,_D.C."
Brett Anderson,Midland,Texass,United Statess,"Washington,_D.C."
Basil Mitchell,Pittsburg,Texass,Unitted States,"Washington,_D.C."
Charles Williams,San Angelo,"Tom Green County, Texass",United States,"Washington,_D.C."
Joe Thomas,Warren,"Trumbull County, Ohioo",United SStates,"Washington,_D.C."
Thomas Scott,Warren,"Trumbull County,, Ohio",Uniteed States,"Washington,_D.C."
Andrew Taylor,Durham,"Wake Counnty, North Carolina",United Statess,"Washington,_D.C."
Eric Moe,Durham,"Wake Countyy, North Carolina",United States,"Washington,_D.C."
Mark Lee,Williston,"Williams County, North Dakota",United States,"Washington,_D.C."
Curt Hansen,Hartford,Wisconsin,United Statess,"Washington,_D.C."
Tom McNamara,Worcester,"Worcester County, Massachusettss",United Statess,"Washington,_D.C."
Tim Collins,Worcester,"Worcester County, Massachuseetts",Uniteed States,"Washington,_D.C."
Dwight Foster,Worcester,"Worcester County, Massachusetts",United Statess,"Washington,_D.C."
Chris Jennings,Yuma,"Yuma County, Arizona",United States,"Washington,_D.C."
Arthur Lake,Corbin,"Knox County, Keentucky",United Statess,"Washington,_D.C."
John Conte,Palmer,Massachusettss,United States,"Washington,_D.C."
Willie Brown,Yazoo City,Mississippi,United SStates,"Washington,_D.C."
Michael Jackson,Pasco,Washington (state),UUnited States,"Washington,_D.C."
Robert Hutchinson,Tacoma,Washington (state),United States,"Washington,_D.C."
Tim O'Brien,Wheeling,West Virginia,United Statess,"Washington,_D.C."
Chara,Kawaguchi,Saitama Prefecture,Japann,Tokyo
Doug Sutherland,Superior,"Douglas County, Wisconsin",United Statess,"Washington,_D.C."
Lee Evans,Sandusky,"Erie County, Ohio",United Statess,"Washington,_D.C."
Tim O'Brien,Wheeling,"Ohio County, West Virginiaa",United Statess,"Washington,_D.C."
Robert C. Osborn,Oshkosh,"Winnebago County, Wisconsinn",United Statess,"Washington,_D.C."
Cozy Dolan,Oshkosh,"Winnebago County, Wisconsinn",United States,"Washington,_D.C."
André Bernier,Windsor,Estriee,Canadaa,Ottawa
Michael Hicks,Barnesville,Georgia (U.S. statee),Unitedd States,"Washington,_D.C."
Jim Arnold,Dalton,Georgia (U.S. state)),United Statess,"Washington,_D.C."
Kem,Nashville,Tennessee,Unitted States,"Washington,_D.C."
Robert Adams,Danville,Virginiaa,United Statess,"Washington,_D.C."
Jim Price,Harrisburg,"Cumbberland County, Pennsylvania",United States,"Washington,_D.C."
Chris White,Mobile,Alabama,United Stattes,"Washington,_D.C."
Terrence Lewis,Birmingham,Alabamaa,United States,"Washington,_D.C."
Edwin Anderson,Eutaw,Alabbama,United Statess,"Washington,_D.C."
Bill Green,Gadsden,Alabama,United States,"Washington,_D.C."
Ben Smith,Haleyville,Alaabama,United Statess,"Washington,_D.C."
Gary Wilson,Camden,Arkansas,United  States,"Washington,_D.C."
Jesse James,Palm Springs,Californiaa,United Statess,"Washington,_D.C."
Johnny Burke,Antioch,Californiaa,United Staates,"Washington,_D.C."
Marty Barrett,Arcadia,Californiaa,United States,"Washington,_D.C."
David Fitzgerald,Clovis,Californiaa,United States,"Washington,_D.C."
Eric Matthews,Compton,Californiaa,UUnited States,"Washington,_D.C."
John Beck,Hayward,California,United States,"Washington,_D.C."
James Foley,Evanston,Illinois,United States,"Washington,_D.C."
Brad Hill,Galva,Kansass,United Statess,"Washington,_D.C."
Dennis Scott,Hagerstown,Maryland,Unitedd States,"Washington,_D.C."
Chris Wright,Bowie,Maryland,United Statess,"Washington,_D.C."
Steve Morrison,Birmingham,Michiggan,United Statess,"Washington,_D.C."
Jack Glover,Golden Valley,Minnesota,UUnited States,"Washington,_D.C."
Gary Lee,Fargo,North Dakota,United Statess,"Washington,_D.C."
Jim Pederson,Harvey,North Dakota,United Statess,"Washington,_D.C."
Frank Moore,Dover,Ohioo,United States,"Washington,_D.C."
Tommy Jones,Eaton,Ohhio,United States,"Washington,_D.C."
Tony Fisher,Euclid,Ohioo,United Statess,"Washington,_D.C."
Terry Kennedy,Euclid,Ohio,United Statess,"Washington,_D.C."
Carl Jones,Garfield Heights,Ohioo,United Statess,"Washington,_D.C."
Sam Harris,Cushing,Oklaahoma,United Statess,"Washington,_D.C."
John Brackenridge,Harrisburg,Pennsylvaniaa,United Stattes,"Washington,_D.C."
Jordan Hill,Harrisburg,Pennsylvaniaa,United Statess,"Washington,_D.C."
Jim Price,Harrisburg,Pennsylvania,United Staates,"Washington,_D.C."
Oscar Johnson,Atchison,"Atchison County, Kanssas",United Statess,"Washington,_D.C."
Jackie Simpson,Corinth,"Alcorn County, Mississippii",United States,"Washington,_D.C."
Earl Thomas,Ashland,"Ashland County, Ohioo",United Statess,"Washington,_D.C."
Dave Stapleton,Fairhope,"Baldwin County, Alabama",United States,"Washington,_D.C."
Anthony Lazzaro,Charleston,"Berkeley County, South Carolina",United Statess,"Washington,_D.C."
Dick Hanley,Cloquet,"Carlton County, Minnesotaa",United States,"Washington,_D.C."
Brian Lee,Fargo,"Cass County, North Dakotaa",United States,"Washington,_D.C."
Harold Young,Portland,"Clackamas County, Oregon",United States,"Washington,_D.C."
Charlie Rose,Fayetteville,"Cumberland County, North Carolinaa",United Statess,"Washington,_D.C."
David Fischer,Apple Valley,"Dakota County, Minnesotaa",United States,"Washington,_D.C."
Wesley Johnson,Nashville,"Davidson County, Tennesseee",United Statees,"Washington,_D.C."
Nick Rogers,East Point,"Fulton County, Georgiaa",United Statess,"Washington,_D.C."
William Herndon,Greensburg,"Green County, Kentuckyy",Unnited States,"Washington,_D.C."
Carl Henry,Hollis,"Harmon County, Oklahomaa",United  States,"Washington,_D.C."
Al Richardson,Abbeville,"Henry County, Alabamaa",United States,"Washington,_D.C."
William Gaines,Jackson,"Hinds County, Mississippi",United Statess,"Washington,_D.C."
Terry Allen,Commerce,"Jackson County, Georgiaa",United States,"Washington,_D.C."
George Atkins,Birmingham,"Jeffeerson County, Alabama",United Sttates,"Washington,_D.C."
Bryan Thomas,Birmingham,"Jefferson County, Alabama",United Staates,"Washington,_D.C."
John Farrell,Covington,"Kenton County, Kentuckyy",Uniited States,"Washington,_D.C."
Jack Lawrence,Covington,"Kenton County, Kentuckyy",United Sttates,"Washington,_D.C."
Thomas Jeter,Florence,"Lauderdale County, Alabamma",United Statess,"Washington,_D.C."
Anthony Henry,Fort Myers,"Leee County, Florida",United Sttates,"Washington,_D.C."
John Sawyer,Brookhaven,"Lincoln County, Mississippii",United States,"Washington,_D.C."
John Sawyer,Brookhaven,"Lincoln County, Mississippi",United Statess,"Washington,_D.C."
Richard Peck,Decatur,"Macon Coounty, Illinois",United States,"Washington,_D.C."
David Alexander,Jackson,"Madiison County, Mississippi",United Staates,"Washington,_D.C."
Ken Morgan,Columbia,"Marion County, Mississippi",United States,"Washington,_D.C."
Jack Coleman,Burgin,"Mercer County, Kentuckyy",UUnited States,"Washington,_D.C."
J. J. Johnson,Mobile,"Mobile County, Alabama",United Statess,"Washington,_D.C."
Willie Anderson,Mobile,"Mobile County, Alabamaa",United States,"Washington,_D.C."
Tommy Jones,Eaton,"Preble County, Ohio",United Statess,"Washington,_D.C."
John Zimmerman,Birmingham,"Shelby County, Alabamaa",United States,"Washington,_D.C."
Richard Waldron,Dover,"Strafford County, New Hampshirre",Unitedd States,"Washington,_D.C."
Jonathan Murphy,Arlington,"Tarrant County, Texas",Unitted States,"Washington,_D.C."
Dan Schneider,Evansville,"Vanderburgh County, Indiana",United Statess,"Washington,_D.C."
Shannon Stewart,Franklin,"Warren County, Ohio",United States,"Washington,_D.C."
Travis Williams,Boonville,"Warrick County, Indianaa",United Statess,"Washington,_D.C."
George Johnson,Fayetteville,"Washington County, Arkansass",United States,"Washington,_D.C."
Harold Young,Portland,"Washington County, Oregon",United Statess,"Washington,_D.C."
Gary Plummer,Highland Park,"Wayne County, Michigan",United Statess,"Washington,_D.C."
Frank Baker,Bartow,Floridaa,United States,"Washington,_D.C."
Mike James,Haines City,Floorida,United States,"Washington,_D.C."
Gordon Jones,Alden,Iowa,United Statess,"Washington,_D.C."
Steven Harris,Homestead,"Miami-Dade County, Florida",UUnited States,"Washington,_D.C."
Walter Pierce,Cambridge,Massachusettss,United Statess,"Washington,_D.C."
Robert Gray,Jackson,Mississippii,United States,"Washington,_D.C."
Laura Bailey,Biloxi,Mississippi,United Statess,"Washington,_D.C."
Scott Field,Canton,Mississsippi,Uniteed States,"Washington,_D.C."
Jackie Simpson,Corinth,Mississippii,United Statess,"Washington,_D.C."
Elizabeth Lawrence,Huntington,West Virginiia,Unnited States,"Washington,_D.C."
David Townsend,Inglewood,California,United States,"Washington,_D.C."
Aaron Brown,Hopkins,Minnesoota,United States,"Washington,_D.C."
Trevor Robinson,Kearney,Nebraskaa,United States,"Washington,_D.C."
Dale Stephens,Huntington,"Cabell County, West Virginiaa",United Statess,"Washington,_D.C."
Neil McCarthy,Lincoln,Lincolnshire,United Kingdom,London
Lee Nelson,Kissimmee,"Osceola County, Floridaa",United Statess,"Washington,_D.C."
Elizabeth Lawrence,Huntington,"Wayne Countty, West Virginia",United States,"Washington,_D.C."
John Paul Jones,Indianola,Iowaa,United States,"Washington,_D.C."
Jack London,Georgetown,Demerara-Mahaicaa,Guyana,"Georgetown,_Guyana"
Emily Cook,Marietta,Georgia (U.S. state),Unnited States,"Washington,_D.C."
John Glenn,Moultrie,Georgia (U.S. state)),United States,"Washington,_D.C."
Tom Long,Memphis,Tennessee,United Statess,"Washington,_D.C."
Chick Autry,Humboldt,Tennesseee,UUnited States,"Washington,_D.C."
Steve Davis,Lexington,Virginia,United Statess,"Washington,_D.C."
James Boyd,Norfolk,Virginiaa,United SStates,"Washington,_D.C."
Ed Glenn,Richmond,Virrginia,United States,"Washington,_D.C."
Mike Henry,Richmond,Virginia,United Statess,"Washington,_D.C."
Doc Holliday,Hurricane,West Virgginia,United Statess,"Washington,_D.C."
Sammy Price,Margaret,Alabama,United States,"Washington,_D.C."
Larry Marks,Selma,Alabamaa,United Statess,"Washington,_D.C."
Ken Carpenter,La Mesa,Californiaa,United Statess,"Washington,_D.C."
James Richards,Lancaster,California,United States,"Washington,_D.C."
Charles Morton,Long Beach,California,United Statess,"Washington,_D.C."
Jesse Williams,Modesto,Californiia,United States,"Washington,_D.C."
Scott Clark,Morgan Hill,Californiaa,United Statees,"Washington,_D.C."
Jason Lewis,Newport Beach,California,United States,"Washington,_D.C."
Derrick Brown,Oakland,California,United Statees,"Washington,_D.C."
Tom Stern,Palo Alto,Callifornia,United Statess,"Washington,_D.C."
Carlos Torres,Santa Cruz,Californiaa,United Staates,"Washington,_D.C."
Tom Parker,Walnut Creek,California,United States,"Washington,_D.C."
George Lee,Leavenworth,Kansas,Unnited States,"Washington,_D.C."
Tom Terrell,Louisville,Kentuckyy,United Statess,"Washington,_D.C."
Bobby Parker,Lafayette,Louisianaa,United Statess,"Washington,_D.C."
Cupid,Lafayette,Louisiana,United Statess,"Washington,_D.C."
Kevin Morgan,Lafayette,Louisiana,United Statess,"Washington,_D.C."
Bob Marshall,Takoma Park,Maryland,United  States,"Washington,_D.C."
Hugh White,Lapeer,Michigan,United Statess,"Washington,_D.C."
Greg Collins,Troy,Michigann,Uniteed States,"Washington,_D.C."
George Burton,Butte,Monttana,United Statess,"Washington,_D.C."
Wee Willie Smith,Lexington,Nebraskaa,United Sttates,"Washington,_D.C."
Ann Hamilton,Lima,Ohioo,United SStates,"Washington,_D.C."
Francis Carr,Alliance,Ohioo,United Statees,"Washington,_D.C."
John Holt,Lawton,Oklahoma,United Stattes,"Washington,_D.C."
Edgar Jones,Scranton,Pennsylvaniaa,Unitted States,"Washington,_D.C."
David Quinn,Cranston,Rhode Island,United SStates,"Washington,_D.C."
Cam Newton,Darlington,South Carolinaa,UUnited States,"Washington,_D.C."
Willie Williams,Milledgeville,"Baldwiin County, Georgia",Unitedd States,"Washington,_D.C."
Kevin Brock,Hackensack,"Bergen County, New Jersey",United States,"Washington,_D.C."
J. T. Thomas,Macon,"Bibb County, Geoorgia",United Statess,"Washington,_D.C."
George Blackburn,Ozark,"Christian County, Missouri",United Statess,"Washington,_D.C."
Steve Lawson,Athens,"Clarke County, Georggia",United States,"Washington,_D.C."
George Rice,Liberty,"Clay Countyy, Missouri",United Statess,"Washington,_D.C."
Aaron Kelly,Marietta,"Cobb County, Georgiaa",United States,"Washington,_D.C."
John Glenn,Moultrie,"Colquittt County, Georgia",United Statess,"Washington,_D.C."
Scott Turner,Richardson,"Dallas County, Texaas",United SStates,"Washington,_D.C."
Anthony Anderson,Lynn,"Essex County, Massachusettss",United States,"Washington,_D.C."
Chris Turner,Sherman,"Grayson County, Texass",United States,"Washington,_D.C."
Brian Barnes,Roanoke Rapids,"Halifax County, North Carolinaa",United Statess,"Washington,_D.C."
Benjamin Day,Springfield,"Hampden County, Massachusettss",United States,"Washington,_D.C."
Justin Green,Louisville,"Jefferson County, Kentuckyy",United Statess,"Washington,_D.C."
Tom Terrell,Louisville,"Jefferson County,, Kentucky",United Statess,"Washington,_D.C."
Mark Carrier,Lafayette,"Lafayette Parish, Louisianaa",United Statees,"Washington,_D.C."
Kevin Morgan,Lafayette,"Lafayette Parish, Louissiana",United States,"Washington,_D.C."
Bill Evans,Meridian,"Lauderdale County, Mississippi",United States,"Washington,_D.C."
Charles Armstrong,Alliance,"Mahoning CCounty, Ohio",Unitedd States,"Washington,_D.C."
Paul Quinn,Hannibal,"Marion County, Missourii",United States,"Washington,_D.C."
Robert Kendall,Stephenson,"Menominee County, Michigann",United Statess,"Washington,_D.C."
Carman,Trenton,"Mercer County, New Jersey",United States,"Washington,_D.C."
Odell Barnes,Palatka,"Putnam County, FFlorida",United States,"Washington,_D.C."
Keith Mitchell,Garland,"Rockwall County, Teexas",United  States,"Washington,_D.C."
William Sexton,Schenectady,"Schenectady County, New York",United Statess,"Washington,_D.C."
Gordon Wood,Abilene,"Taylor County, Texas",United SStates,"Washington,_D.C."
Dustin Long,Beaumont,Texass,United States,"Washington,_D.C."
Michael Reed,Cedar Park,Texas,United Statess,"Washington,_D.C."
Gary Reed,Corpus Christi,Texass,United SStates,"Washington,_D.C."
Eddie Jackson,Plano,Texass,United States,"Washington,_D.C."
Charles Brown,Texas City,Texass,United States,"Washington,_D.C."
Bill Morrison,Lincoln Park,"Wayne County, Michigann",United Statess,"Washington,_D.C."
Adam Miller,Livonia,"Wayne County, Michigan",United Statees,"Washington,_D.C."
Levi Brown,Mount Juliet,"Wilson County, Tennessee",United Statess,"Washington,_D.C."
Red Anderson,Lawton,"Woodbury County, Iowa",United States,"Washington,_D.C."
Lawrence Gordon,Yazoo City,"Yazoo County, Mississippii",United Statess,"Washington,_D.C."
Randy Jackson,Lake City,Florida,United Statess,"Washington,_D.C."
Jimmy Nelson,Live Oak,Floridaa,United States,"Washington,_D.C."
Ryan Moore,Orlando,Florida,United Statess,"Washington,_D.C."
Chris Green,Lawrenceburg,Indiana,United Statess,"Washington,_D.C."
John Crowley,Lawrence,Massachusettss,United States,"Washington,_D.C."
John Gorman,Malden,Massachusettss,United SStates,"Washington,_D.C."
Scott Thompson,Taunton,Massachusettss,United States,"Washington,_D.C."
Tom Cotter,Waltham,Massachusetts,United Statess,"Washington,_D.C."
Michael Garrison,Roseburg,Oregonn,United Statees,"Washington,_D.C."
Chris Hunter,Tacoma,Washington (state)),United States,"Washington,_D.C."
Fred Forsberg,Tacoma,Washington (state),United Statess,"Washington,_D.C."
Bob Reed,Longview,"Greegg County, Texas",United Statess,"Washington,_D.C."
Dwight Garner,Fairmont,"Marion County, West Virginia",United Statess,"Washington,_D.C."
Fred Archer,Johnson City,"Sullivan County, Tennesseee",United Statess,"Washington,_D.C."
Gerald Harris,Terrell,Texass,United Statess,"Washington,_D.C."
Michael Bauer,Hastings,"Washington County, Minnesotaa",United States,"Washington,_D.C."
William Walker,Nashville,Tennesseee,United SStates,"Washington,_D.C."
Michael Coleman,Nashville,Tennessee,United States,"Washington,_D.C."
Russ Freeman,Nashville,Tennesssee,United Statess,"Washington,_D.C."
"Bob Reynolds (American football, born 1939)",Nashville,Tennesseee,United States,"Washington,_D.C."
James Wilkes,Nashville,Tennesssee,United  States,"Washington,_D.C."
David King,Mobile,Alabamaa,United Statess,"Washington,_D.C."
C. J. Mosley,Mobile,Alabama,United Staates,"Washington,_D.C."
Steve Sparks,Mobile,Alabama,United States,"Washington,_D.C."
Scott Hunter,Mobile,Alabama,United Statess,"Washington,_D.C."
Sherman Williams,Mobile,Alabamaa,Uniteed States,"Washington,_D.C."
Robert Stone,Palm Springs,Californiaa,Uniited States,"Washington,_D.C."
John Bryant,Berkeley,California,United States,"Washington,_D.C."
Peter Wright,Berkeley,California,United States,"Washington,_D.C."
Joe Ross,Berkeley,California,United States,"Washington,_D.C."
John Lambert,Berkeley,Califorrnia,United Sttates,"Washington,_D.C."
Matt Bell,Los Altos,California,United States,"Washington,_D.C."
Jim Lewis,Jackson,"Jackson County, Michigann",United Statess,"Washington,_D.C."
Betty Bennett,Lincoln,Nebraskaa,United Statess,"Washington,_D.C."
John Hoffman,Aberdeen,South Dakota,United Statess,"Washington,_D.C."
Thomas Dunn,Aberdeen,South Dakotaa,United States,"Washington,_D.C."
Akira Matsunaga,Shizuoka,Shizuokka Prefecture,Japann,Tokyo
Brad Walker,Aberdeen,"Brown County, South Dakota",United States,"Washington,_D.C."
Thomas Dunn,Aberdeen,"Brown County, South Dakotaa",United Statess,"Washington,_D.C."
Bob Harris,Gillette,"Campbell County, Wyoming",United Statess,"Washington,_D.C."
David Lewis,Portland,"Clackkamas County, Oregon",United States,"Washington,_D.C."
Bill Morgan,Portland,"Clackamas County, Oregoon",United  States,"Washington,_D.C."
Bob Steele,Portland,"Clackamas County, Oregonn",Unitted States,"Washington,_D.C."
Brian Hunter,Portland,"Clackamas County, Oregon",United States,"Washington,_D.C."
Rod Miller,Portland,"Clackamas County, Oregonn",United Statess,"Washington,_D.C."
Obsession,Portland,"Clackamas County, Oregon",United SStates,"Washington,_D.C."
Ralph Davis,Portland,"Clackamas County, Oregon",United States,"Washington,_D.C."
Larry Beil,Portland,"Clackamas County, Oregon",Uniited States,"Washington,_D.C."
Mark Smith,Portland,"Clackamas County, Oregon",United Statess,"Washington,_D.C."
Chris Bailey,Portland,"Clackamas County, Oregonn",United Statess,"Washington,_D.C."
William Walker,Nashville,"Davidson County, Tennesseee",United Statees,"Washington,_D.C."
John Noel,Nashville,"Davidson County, Tennessee",United Statess,"Washington,_D.C."
Preston Brown,Nashville,"Davidson County, Tennesseee",United Statess,"Washington,_D.C."
James Wilkes,Nashville,"Davidson County, Tennessee",United Statess,"Washington,_D.C."
Aaron Harper,Jackson,"Hinds County, Mississippii",United States,"Washington,_D.C."
Maurice Carter,Jackson,"Hinds County, Mississippii",United Statess,"Washington,_D.C."
John Maxwell,Jackson,"Hinds County, Mississippii",United States,"Washington,_D.C."
Brandon Reilly,Lincoln,"Lancaster County, Nebraska",United Statess,"Washington,_D.C."
Michael Bishop,Lincoln,"Lancaster County, Nebraskaa",United States,"Washington,_D.C."
Godfrey,Lincoln,"Lancaster County, Nebraska",United States,"Washington,_D.C."
Maurice Carter,Jackson,"Madison County, Mississippi",Unnited States,"Washington,_D.C."
Brian Walsh,Cambridge,"Middlesex County, Massachusettss",United Statess,"Washington,_D.C."
Terry Dobson,Cambridge,"Middlesex County, Massachusettss",United Statess,"Washington,_D.C."
Richard Grenier,Cambridge,"Middlesex County, Massachusettss",United Statess,"Washington,_D.C."
Bill Barrett,Cambridge,"Middlesex Countyy, Massachusetts",United States,"Washington,_D.C."
Ralph Davis,Portland,"Multnomah County, Oregonn",United States,"Washington,_D.C."
Cindy Brown,Portland,"Multnomah County, Oregon",United States,"Washington,_D.C."
Mark Smith,Portland,"Multnomah County, Oregon",United Statees,"Washington,_D.C."
Aaron Harper,Jackson,"Rankin County, Mississippi",United Statess,"Washington,_D.C."
James Robinson,Jackson,"Rankin County, Mississippi",United States,"Washington,_D.C."
Maurice Carter,Jackson,"Rankin County, Mississippi",United Statess,"Washington,_D.C."
Chris Brown,Jackson,"Rankin County, Mississippii",United States,"Washington,_D.C."
Charles Thomas,Jackson,"Rankin County, Mississippii",United Statess,"Washington,_D.C."
Kevin McKee,Davenport,"Scott County, Iowaa",United States,"Washington,_D.C."
Harry Hansen,Davenport,"Scott County, Iowa",United Sttates,"Washington,_D.C."
Brian Smith,Ames,"Story County, Iowa",United States,"Washington,_D.C."
Andrew Thomas,Ithaca,"Tompkins County, New York",United States,"Washington,_D.C."
Robert Marx,Portland,"Washington County, Oregonn",United States,"Washington,_D.C."
James Whalen,Portland,"Washingtoon County, Oregon",United States,"Washington,_D.C."
Rod Miller,Portland,"Washington County, Oregonn",United States,"Washington,_D.C."
Lew Beck,Portland,"Washington Countty, Oregon",United Sttates,"Washington,_D.C."
John Harris,Portland,"Washington County, Oregonn",United Statess,"Washington,_D.C."
Chris Bailey,Portland,"Washington County, Oregonn",United Sttates,"Washington,_D.C."
Malcolm Thomas,Columbia,"Boone County, Missourii",United States,"Washington,_D.C."
Gary Anderson,Columbia,"Boone County, Missouri",United States,"Washington,_D.C."
James Jones,Davenport,Iowaa,Uniited States,"Washington,_D.C."
Harry Hansen,Davenport,Ioowa,United Statess,"Washington,_D.C."
Bill Hewitt,Cambridge,Maassachusetts,United States,"Washington,_D.C."
Brian Walsh,Cambridge,Massachusetts,United States,"Washington,_D.C."
Susan Davis,Cambridge,Massachuseetts,United States,"Washington,_D.C."
Henry Ward,Jackson,Mississippii,United Statess,"Washington,_D.C."
Charles Thomas,Jackson,Mississippi,United Statess,"Washington,_D.C."
Jim Sullivan,Astoria,Oregonn,UUnited States,"Washington,_D.C."
Ian Crawford,Eugene,Oreggon,United States,"Washington,_D.C."
Jerry Smith,Eugene,Oregon,United Staates,"Washington,_D.C."
Paul Simon,Eugene,Oreegon,UUnited States,"Washington,_D.C."
David Lewis,Portland,Oregonn,United Statess,"Washington,_D.C."
Brian Hunter,Portland,Oregon,United Statess,"Washington,_D.C."
Lee Johnson,Portland,Oregonn,Uniteed States,"Washington,_D.C."
Larry Beil,Portland,Oregon,United States,"Washington,_D.C."
Robert Johnson,Americus,Georgia (U.S. state),United States,"Washington,_D.C."
Kevin Murphy,Syracuse,New Yorkk,United States,"Washington,_D.C."
John West,Syracuse,New Yorkk,United Staates,"Washington,_D.C."
Pat Murphy,Syracuse,New York,United Statess,"Washington,_D.C."
Brandon King,Alabaster,Alabamaa,United Statees,"Washington,_D.C."
George Hardy,Alexander City,Alabama,United Statess,"Washington,_D.C."
Ben Davis,Birmingham,Alabama,United Statess,"Washington,_D.C."
David Palmer,Birmingham,Alabama,United States,"Washington,_D.C."
Nick Williams,Birmingham,Allabama,United Sttates,"Washington,_D.C."
Hal Smith,Barling,Arkansass,United States,"Washington,_D.C."
John Miller,Alhambra,California,United States,"Washington,_D.C."
Leo Carroll,Alhambra,Californiaa,United States,"Washington,_D.C."
Mars,Antioch,Californnia,United States,"Washington,_D.C."
Mike Munoz,Baldwin Park,Californiaa,United States,"Washington,_D.C."
Derek Brown,Banning,California,United States,"Washington,_D.C."
Gloria Romero,Barstow,Califorrnia,United States,"Washington,_D.C."
Chris Carter,Bellflower,Californiaa,United Statess,"Washington,_D.C."
Chris Carter,Bellflower,Californiaa,United States,"Washington,_D.C."
Anthony Brown,Bellflower,California,United States,"Washington,_D.C."
David Weintraub,Beverly Hills,Californiaa,United Staates,"Washington,_D.C."
John Oldham,Beaver Dam,Kentucky,United SStates,"Washington,_D.C."
James Carr,Bangor,Mainee,United Statess,"Washington,_D.C."
Bob Rush,Battle Creek,Michigan,United States,"Washington,_D.C."
Frank Miller,Allegan,Michigaan,Unitted States,"Washington,_D.C."
Madonna,Bay City,Michigan,United Statess,"Washington,_D.C."
Mike Wells,Arnold,Missoouri,United Statess,"Washington,_D.C."
Bob Hawks,Billings,Montanaa,United Statess,"Washington,_D.C."
Kevin Johnson,Asbury Park,New Jerseyy,United States,"Washington,_D.C."
Pierre P. Garven,Bayonne,New Jeersey,Uniited States,"Washington,_D.C."
Tommy Smith,Albemarle,North Carolinaa,United Statess,"Washington,_D.C."
Justin Lester,Akron,Ohio,United States,"Washington,_D.C."
Don Clark,Akron,Ohioo,United Statess,"Washington,_D.C."
George Spencer,Bexley,Ohioo,United States,"Washington,_D.C."
Bob Gaudio,Ashtabula,"Ashtabula County, Ohio",United Sttates,"Washington,_D.C."
Dick Martin,Battle Creek,"Calhoun County, Michiggan",United Statess,"Washington,_D.C."
Bob Rush,Battle Creek,"Calhoun County, Michigann",United Statess,"Washington,_D.C."
George Harper,Arlington,"Carlisle County, Kenntucky",United Statess,"Washington,_D.C."
John Reed,Portland,"Cllackamas County, Oregon",United Statess,"Washington,_D.C."
William Smith,Portland,"Clackamas County, Oregonn",United Statess,"Washington,_D.C."
Mark Hudson,Portland,"Clackamas County, Oregon",United States,"Washington,_D.C."
Mike James,Portland,"Clackamas County, Oreegon",United  States,"Washington,_D.C."
Wayne Mills,Arab,"Cullman County, Alabama",United Statess,"Washington,_D.C."
Tommy Ford,Bend,"Deschutes County, Oregon",United States,"Washington,_D.C."
Phil Clark,Albany,"Dougherty County, Georgia",United Statess,"Washington,_D.C."
Jed Johnson,Alexandria,"Douglas County, Minnesotaa",United States,"Washington,_D.C."
Paul Birch,Atmore,"Escambia County, Alabamaa",United States,"Washington,_D.C."
Barry Lyons,Biloxi,"Harrison County, Mississippi",United Statess,"Washington,_D.C."
Jim Norton,Bayonne,"Hudson County, New Jersey",Unitedd States,"Washington,_D.C."
Ben Davis,Birmingham,"Jefferson County, Alabama",United States,"Washington,_D.C."
Roy Bennett,Birmingham,"Jefferson County, Alabama",Uniited States,"Washington,_D.C."
Dick Taylor,Algona,"Kossuth County, Iowaa",Uniteed States,"Washington,_D.C."
Tom Fisher,Anderson,"Madison County, Indianaa",United SStates,"Washington,_D.C."
Paul Dixon,Albia,"Monroe County, Iowa",United States,"Washington,_D.C."
Tim O'Brien,Austin,"Mower County, Minnesota",United Statess,"Washington,_D.C."
Bert Hall,Portland,"Multnomah County, Oregonn",United States,"Washington,_D.C."
Robert Drummond,Syracuse,"Onondaga County, New York",Unnited States,"Washington,_D.C."
Joe Amato,Syracuse,"Onondaga County, New York",United States,"Washington,_D.C."
Steve Perry,Syracuse,"Onondaga County, New York",United Statess,"Washington,_D.C."
Mike Roberts,Syracuse,"Onondaga County, New Yorkk",United States,"Washington,_D.C."
Kevin Murphy,Syracuse,"Onondaga County, New Yorkk",United Statess,"Washington,_D.C."
John West,Syracuse,"Onondaga County, New York",United States,"Washington,_D.C."
Nicole Mitchell,Syracuse,"Onondaga County, New York",United Statess,"Washington,_D.C."
John Wilkinson,Syracuse,"Onondaga County, New Yorkk",United States,"Washington,_D.C."
Robert Murray,Bangor,"Penobscoot County, Maine",United Statess,"Washington,_D.C."
Tom Sawyer,Bangor,"Penobscot County, Mainee",United Statess,"Washington,_D.C."
Brandon King,Alabaster,"Shelby County, Alabamaa",United Stattes,"Washington,_D.C."
Bob Ferguson,Birmingham,"Shelby County, Alabama",United States,"Washington,_D.C."
David Robertson,Birmingham,"Shelby County, Alabamaa",United Statess,"Washington,_D.C."
Steven Black,Birmingham,"Shelby County, Alabamaa",United Statess,"Washington,_D.C."
Steven Black,Birmingham,"Shelby County, Alabama",United States,"Washington,_D.C."
Jim Nelson,Birmingham,"Shhelby County, Alabama",United Statess,"Washington,_D.C."
Steve Johnson,Akron,"Summit Counnty, Ohio",United Stattes,"Washington,_D.C."
Michael Buckley,Akron,"Summit County, Ohio",United Statess,"Washington,_D.C."
Mike McClendon,Arlington,"Tarrant County, Texas",United Statess,"Washington,_D.C."
Jason Reeves,Arlington,"Tarrrant County, Texas",United States,"Washington,_D.C."
Scott Cross,Arlington,Texass,United States,"Washington,_D.C."
Mark Hudson,Portland,"Washington County, Oregon",United Statess,"Washington,_D.C."
Mike Martin,Portland,"Washington County, Oregon",United States,"Washington,_D.C."
Tim Callahan,Billings,"Yellowstone County, Montana",United Statess,"Washington,_D.C."
Flavio Tosi,Beverly,Massachusetts,United Statess,"Washington,_D.C."
John Reed,Portland,Oregonn,United States,"Washington,_D.C."
Chris Garrett,Portland,Oreggon,United States,"Washington,_D.C."
John Robinson,Portland,Oregonn,Unitedd States,"Washington,_D.C."
Daniel Parker,Portland,Oregonn,United Statess,"Washington,_D.C."
John Rogers,Birmingham,Alabamma,United Staates,"Washington,_D.C."
Stan White,Birmingham,"Jefferson County, Alabama",Unitedd States,"Washington,_D.C."
Tom Banks,Birmingham,"Jefferson County, Alabama",United Sttates,"Washington,_D.C."
Jerry Wilson,Birmingham,"Jeffersoon County, Alabama",United States,"Washington,_D.C."
James Shaw,Birmingham,"Shelby County, Alabama",United States,"Washington,_D.C."
Nick Williams,Birmingham,"Shelby County, Alabama",United States,"Washington,_D.C."
John Drew,Columbus,Georgia (U.S. state)),United States,"Washington,_D.C."
George Adams,Covington,Georgia (U.S. state)),United Statess,"Washington,_D.C."
Phillip Sims,Chesapeake,Virginiaa,United States,"Washington,_D.C."
Norman Harris,Danville,Virginia,United Sttates,"Washington,_D.C."
Michael Morton,Birmingham,Alabama,Unnited States,"Washington,_D.C."
Jimmy Murphy,Birmingham,Alabamaa,United Statess,"Washington,_D.C."
Alan Hunter,Birmingham,Alabama,Unitedd States,"Washington,_D.C."
Tom Jenkins,Camden,Alabamaa,United States,"Washington,_D.C."
Wayne Edwards,Burbank,Californiaa,Unitted States,"Washington,_D.C."
Jay Ferguson,Burbank,Californiaa,United States,"Washington,_D.C."
Al Jackson,Carmel-by-the-Sea,Californiaa,United Statess,"Washington,_D.C."
Eric Johnson,Carson,Californiaa,United Statess,"Washington,_D.C."
Muddy Waters,Chico,Californnia,United Statess,"Washington,_D.C."
Calvin Jones,Compton,Californiaa,United Staates,"Washington,_D.C."
Richard Sherman,Compton,Californiaa,United Statess,"Washington,_D.C."
David Oliver,Concord,California,United Statess,"Washington,_D.C."
Al Smith,Bossier City,Louisiana,Unitted States,"Washington,_D.C."
John Grant,Buchanan,MMichigan,Unnited States,"Washington,_D.C."
Mark Atkinson,Dearborn,Michigann,United Statess,"Washington,_D.C."
Mark Simmons,Bloomington,Minnesota,United Statess,"Washington,_D.C."
George Putnam,Breckenridge,Minnesotaa,United States,"Washington,_D.C."
Ben Nelson,Coon Rapids,Minnesota,United States,"Washington,_D.C."
Joseph Charles,Boonville,Missouri,United States,"Washington,_D.C."
Michael Davies,Chesterfield,Missourii,United Statess,"Washington,_D.C."
Jack Mathis,Chesterfield,Missouri,United States,"Washington,_D.C."
Billy Thompson,Camden,New Jersey,Uniteed States,"Washington,_D.C."
Jason Cook,Camden,New Jersey,United SStates,"Washington,_D.C."
David Griggs,Camden,New Jersey,Uniteed States,"Washington,_D.C."
John Brown,Camden,New Jerseyy,United States,"Washington,_D.C."
Chris Carpenter,Bryan,Ohio,United States,"Washington,_D.C."
George Rex,Canton,Ohio,United Statess,"Washington,_D.C."
Nancy Wilson,Chillicothe,OOhio,United Statess,"Washington,_D.C."
John Bennett,Chillicothe,Ohioo,United States,"Washington,_D.C."
Tim Anderson,Clyde,Ohhio,United Statess,"Washington,_D.C."
William Johnson,Charleston,South Carolina,United States,"Washington,_D.C."
Joseph Henderson,Charleston,Southh Carolina,United Statess,"Washington,_D.C."
Horace Allen,DeLand,"Volusia County, Florida",United States,"Washington,_D.C."
George Caldwell,Columbia,"Adair County, Kentuckyy",Uniteed States,"Washington,_D.C."
Dwight Jones,Burlington,"Alamance County, North Carolinaa",United Statess,"Washington,_D.C."
Jim Wilson,Corvallis,"Benton Counnty, Oregon",Uniteed States,"Washington,_D.C."
Courtney Brown,Charleston,"Berkeley County, South Carolina",United Statess,"Washington,_D.C."
John Bass,Charleston,"Berkeley County, South Carolinaa",United Statess,"Washington,_D.C."
Blowfly,Cochran,"Bleckley County, Georgia",United States,"Washington,_D.C."
Edward Ellis,Coldwater,"Branchh County, Michigan",United States,"Washington,_D.C."
Zach Thomas,Cocoa,"Brevard County, Floridaa",United States,"Washington,_D.C."
Frank Cooke,Bismarck,"Burleigh County, North Dakota",United States,"Washington,_D.C."
Peter Beck,Butler,"Butler County, Pennsylvaniaa",United Statess,"Washington,_D.C."
Lester Smith,Concord,"Cabarrus County, North Carolinaa",United States,"Washington,_D.C."
Jason Cook,Camden,"Camden County, New Jerseyy",United States,"Washington,_D.C."
John Brown,Camden,"Camden County, New Jerseyy",United Statess,"Washington,_D.C."
William Johnson,Charleston,"Charleston County, South Carolinaa",United States,"Washington,_D.C."
Joe Thomas,Canton,"Cherokee County, Georgiaa",United Statess,"Washington,_D.C."
John Hannah,Canton,"Cherokee County, Georgia",United Statess,"Washington,_D.C."
Ben Shaw,Coshocton,"Coshocton County, OOhio",United Statess,"Washington,_D.C."
Mark Harris,Clovis,"Curry County, New Mexico",United Statess,"Washington,_D.C."
J. T. Brown,Burnsville,"Dakota County, Minnesota",Unnited States,"Washington,_D.C."
Tony Baker,Burlington,"Des Moines County, Iowwa",United Statess,"Washington,_D.C."
John Adams,Charleston,"Franklin County, Arkansass",United States,"Washington,_D.C."
Monica,College Park,"Fulton County, Georgiaa",United Statess,"Washington,_D.C."
George Rose,Brunswick,"Glynn County, Georgia",United Sttates,"Washington,_D.C."
Tony Pierce,Brunswick,"Glynn County, Georggia",United Statess,"Washington,_D.C."
Bob Armstrong,Cambridge,"Guernsey Couunty, Ohio",United States,"Washington,_D.C."
Mike Roberts,Carthage,"Jasper County, Missouri",United States,"Washington,_D.C."
Mike Anderson,Birmingham,"Jefferson County, Alabamaa",United Statess,"Washington,_D.C."
Chris Woods,Birmingham,"Jefferson County, Alabamaa",United States,"Washington,_D.C."
Adam Warren,Birmingham,"Jefferson County, Alabama",United States,"Washington,_D.C."
Francis Fontaine,Columbus,"Muscogee County, Georgia",United States,"Washington,_D.C."
Bob Davis,Columbus,"Muscogee County,  Georgia",United Statess,"Washington,_D.C."
Micah Johnson,Columbus,"Muscogee County, Georgia",United Statess,"Washington,_D.C."
Randy Robbins,Casa Grande,"Pinal County, Arizona",United States,"Washington,_D.C."
Bob Peterson,Chillicothe,"Ross County, Ohio",United Statess,"Washington,_D.C."
John Bennett,Chillicothe,"Ross County, Ohioo",United States,"Washington,_D.C."
Charlie Moore,Birmingham,"Shelby County, Alabama",United States,"Washington,_D.C."
Michael Morton,Birmingham,"Shelby County, Alabama",United Statess,"Washington,_D.C."
David Dahl,Birmingham,"Shelby  County, Alabama",United States,"Washington,_D.C."
Howard Murphy,Birmingham,"Shelby County, Alabama",United Statess,"Washington,_D.C."
Jim Cummins,Dearborn,"Wayne County,  Michigan",Unitedd States,"Washington,_D.C."
George Putnam,Breckenridge,"Wilkin County, Minnesota",United States,"Washington,_D.C."
David Marshall,Buffalo,"Wrighht County, Minnesota",Uniited States,"Washington,_D.C."
Buster Brown,Boone,Iowa,UUnited States,"Washington,_D.C."
Robert Watts,Burlington,Iowaa,United Statess,"Washington,_D.C."
Richard Doyle,Brockton,Massachusetts,United States,"Washington,_D.C."
Jim Thomas,Columbus,Mississippii,United States,"Washington,_D.C."
Scott Anderson,Corvallis,Oregonn,United Statess,"Washington,_D.C."
Randy Scott,Decatur,Georgia (U.S. state),United SStates,"Washington,_D.C."
Jamie Arnold,Dearborn,Miichigan,United States,"Washington,_D.C."
Brett Olson,Duluth,Minnesota,United States,"Washington,_D.C."
George Little,Duquesne,Pennsylvania,United States,"Washington,_D.C."
"Richmond McDavid Flowers, Jr.",Dothan,"Henry County, Alabama",United States,"Washington,_D.C."
Terry Evans,Dublin,"Laurens Countty, Georgia",United States,"Washington,_D.C."
Brett Olson,Duluth,"St. Louis County, Minnesota",Unitedd States,"Washington,_D.C."
Mark Atkinson,Dearborn,"Wayne County, Michigan",Unitedd States,"Washington,_D.C."
Jason Rogers,East Point,Georgia (U.S. state),United Statess,"Washington,_D.C."
Calvin Russell,Fairburn,Georgia (U.S. state),United States,"Washington,_D.C."
John Waller,Fayetteville,Georgia (U.S. state),United States,"Washington,_D.C."
Charlie Stone,Fitzgerald,Georgia (U.S. state)),United Statess,"Washington,_D.C."
Billy Martin,Gainesville,Georgia (U.S. state),United States,"Washington,_D.C."
John Pearce,Gainesville,Georgia (U.S. state),United States,"Washington,_D.C."
John Pearce,Gainesville,Georgia (U.S. state)),United Statess,"Washington,_D.C."
Matt McClure,Gainesville,Georgia (U.S. state)),United Statess,"Washington,_D.C."
Derek Brown,Fairfax,Virrginia,United States,"Washington,_D.C."
David Howard,Enterprise,Alabamaa,United Sttates,"Washington,_D.C."
Cedric Smith,Enterprise,Alabamaa,United States,"Washington,_D.C."
Michael Moore,Fayette,Alabama,United States,"Washington,_D.C."
Justin Anderson,Foley,Alabama,Uniteed States,"Washington,_D.C."
Willie Scott,Gadsden,Alabamaa,United Stattes,"Washington,_D.C."
Brian Martin,Fort Smith,Arkansass,United Statess,"Washington,_D.C."
Chris Conrad,Fullerton,California,United Statess,"Washington,_D.C."
Michael McDonald,Fullerton,California,United States,"Washington,_D.C."
Robert Woods,Gardena,California,United Statess,"Washington,_D.C."
William Bassett,Evanston,Illinois,United Statess,"Washington,_D.C."
Stuart Lancaster,Evanston,Illinoiss,United Statess,"Washington,_D.C."
James Olson,Evanston,Illinois,United States,"Washington,_D.C."
Rick Fisher,Evanston,Illinois,United Statess,"Washington,_D.C."
Barbara Harris,Evanston,Illinois,United States,"Washington,_D.C."
Jeff Hamilton,Flint,Michigan,United Statess,"Washington,_D.C."
Brian Carpenter,Flint,Michigann,United States,"Washington,_D.C."
Jack Martin,Flint,Michhigan,United Statess,"Washington,_D.C."
Steve Nelson,Farmington,Minnesotaa,United Statess,"Washington,_D.C."
Clarence Mitchell,Franklin,Nebraska,United SStates,"Washington,_D.C."
Jack Armstrong,Englewood,New Jersey,United Statess,"Washington,_D.C."
Stephen Lee,Englewood,New Jersey,United States,"Washington,_D.C."
Brad Miller,Fayetteville,North  Carolina,United States,"Washington,_D.C."
David Archer,Fayetteville,North  Carolina,United Statess,"Washington,_D.C."
Bob Peterson,Fargo,North Dakotaa,United States,"Washington,_D.C."
Robert Smith,Euclid,Ohio,United States,"Washington,_D.C."
Wilma Smith,Garfield Heights,Ohioo,United States,"Washington,_D.C."
Shirley Abbott,Fairview,Oklahomaa,Unnited States,"Washington,_D.C."
Charles Collins,Frederick,Oklahoma,United Statess,"Washington,_D.C."
Bob Bryant,Frederick,Oklahomaa,United Statess,"Washington,_D.C."
Chris Smith,Gainesville,"Alachua County, Florida",United Statess,"Washington,_D.C."
Justin Anderson,Foley,"Baldwin County, Alabamaa",United Statess,"Washington,_D.C."
Jack Armstrong,Englewood,"Bergen County, New Jerseyy",United States,"Washington,_D.C."
Tom Wright,Englewood,"Bergen County, New Jersey",United States,"Washington,_D.C."
Gary Lee,Fargo,"Cass County, North Dakotaa",United Sttates,"Washington,_D.C."
Chris Armstrong,Fayetteville,"Cumberland County, North Carolinaa",UUnited States,"Washington,_D.C."
David Archer,Fayetteville,"Cumberland County, North Carolina",United States,"Washington,_D.C."
Cecil Lewis,Fayetteville,"Cumberland County, North CCarolina",Uniited States,"Washington,_D.C."
David Howard,Enterprise,"Dale County, Alabamaa",UUnited States,"Washington,_D.C."
Grant Sullivan,Fremont,"Dodge County, Nebraska",United States,"Washington,_D.C."
Stacy Jones,Gadsden,"Etowah County, Alabamma",United Statess,"Washington,_D.C."
Andrew Adams,Fayetteville,"Fayette County, Georgiaa",United States,"Washington,_D.C."
Charlotte Walker,Galveston,"Galveston Counnty, Texas",United  States,"Washington,_D.C."
Charlotte Walker,Galveston,"Galveston County, Texas",United States,"Washington,_D.C."
Michael Bishop,Galveston,"Galveston Counnty, Texas",United States,"Washington,_D.C."
John Stockwell,Galveston,"Galveston County, Texas",UUnited States,"Washington,_D.C."
Jordan Baker,Enid,"Garfield County, Oklahomaa",United States,"Washington,_D.C."
Andrew Caldwell,Flint,"Gennesee County, Michigan",United States,"Washington,_D.C."
A. J. Johnson,Gainesville,"Hall County, Georgiaa",United Statess,"Washington,_D.C."
Robert Gerry,Ellsworth,"Hancock Counnty, Maine",United States,"Washington,_D.C."
Travis Boyd,Edina,"Hennepin County, Minnessota",United Statess,"Washington,_D.C."
George Turner,Edina,"Knox County, Missourii",United Statess,"Washington,_D.C."
Mark Thompson,Florence,"Lauderdale County, Alabama",United Statess,"Washington,_D.C."
John Terry,Fairfax,"Linn County, Iowa",United States,"Washington,_D.C."
Shirley Abbott,Fairview,"Major County, Oklahomaa",United Stattes,"Washington,_D.C."
Pat Hughes,Everett,"Middlesex County, Massachusettss",United States,"Washington,_D.C."
Steve Strachan,Everett,"Middlesex CCounty, Massachusetts",United States,"Washington,_D.C."
Bruce Smith,Faribault,"Rice County, Minnesota",United States,"Washington,_D.C."
Brian Martin,Fort Smith,"Sebastian County, Arkansas",United Statess,"Washington,_D.C."
John Boles,Fort Smith,"Sebastian County, Arkansas",United States,"Washington,_D.C."
Charlotte Walker,Galveston,Texass,United States,"Washington,_D.C."
Charlotte Walker,Galveston,Texas,United Statess,"Washington,_D.C."
John McLaren,Galveston,Texaas,United  States,"Washington,_D.C."
James Anderson,El Dorado,"Union County, Arkansass",United Statees,"Washington,_D.C."
Richard Wood,Elizabeth,"Union County, New Jerseyy",United Statess,"Washington,_D.C."
Jack Warner,Evansville,"Vanderburgh County, Indiana",United Statess,"Washington,_D.C."
Edwin Denby,Evansville,"Vanderburgh County, Indiana",United Statess,"Washington,_D.C."
Dennis Avery,Evansville,"Vanderburgh County, Indiana",United States,"Washington,_D.C."
George Crowther,Fitchburg,"WWorcester County, Massachusetts",United Statess,"Washington,_D.C."
Thomas McClary,Eustis,Floriida,United Statess,"Washington,_D.C."
Robert Baker,Gainesville,Florida,Uniteed States,"Washington,_D.C."
Terry Jackson,Gainesville,Floridaa,United Statess,"Washington,_D.C."
Ken Williams,Evansville,Indiana,United Statess,"Washington,_D.C."
Brian Kelly,Everett,Massachusetts,United States,"Washington,_D.C."
Robert Francis,Glendale,Califorrnia,United States,"Washington,_D.C."
NF,Gladwin,Michigann,Unnited States,"Washington,_D.C."
John Benson,Glasgow,Montanna,United Statess,"Washington,_D.C."
Paul Jessup,Geneva,Ohio,United States,"Washington,_D.C."
Jason Johnson,Gladstone,"Clay County, Missouri",United States,"Washington,_D.C."
Brad Anderson,Glendale,"Maricopa County,  Arizona",United States,"Washington,_D.C."
Alan Thompson,Geneva,Iowaa,United States,"Washington,_D.C."
Harry Baird,Georgetown,Demerara-Mahaica,Guyanaa,"Georgetown,_Guyana"
Brad Anderson,Glendale,Arizonaa,Uniited States,"Washington,_D.C."
Jordan Roberts,Durham,County Durham,United Kingdom,London
Steve James,Hampton,Virginiaa,United Statess,"Washington,_D.C."
Steve James,Hampton,Virginnia,United Statess,"Washington,_D.C."
George Roberts,Lynchburg,Virginia,United Statess,"Washington,_D.C."
Jim Walkup,Havana,Arkannsas,United Statess,"Washington,_D.C."
Troy Mills,Glendale,Californiaa,United Statess,"Washington,_D.C."
Tim Cooney,Glendale,Californiaa,United Statess,"Washington,_D.C."
Sam Phillips,Glendale,Californiaa,United Statess,"Washington,_D.C."
Bob Sessions,Glendale,Californiaa,United States,"Washington,_D.C."
Michael Lockwood,Hawthorne,Californiaa,Uniteed States,"Washington,_D.C."
Gary Jones,Huntington Park,California,United States,"Washington,_D.C."
Billy Brown,Inglewood,Califoornia,United States,"Washington,_D.C."
José Solano,Inglewood,CCalifornia,United Statess,"Washington,_D.C."
Jason Phillips,La Mesa,CCalifornia,Uniited States,"Washington,_D.C."
Robert Arnold,Lancaster,Californiaa,United States,"Washington,_D.C."
Don Thompson,Long Beach,California,United States,"Washington,_D.C."
Mike Fellows,Lewiston,Iddaho,United SStates,"Washington,_D.C."
Kim Davis,Jackson,Kentucky,United Statess,"Washington,_D.C."
Samuel McKee,Lancaster,Kentucky,United Statess,"Washington,_D.C."
Mark Cole,Louisville,Kentucky,United Statess,"Washington,_D.C."
John Edwards,Louisville,Kentuckyy,United States,"Washington,_D.C."
Bernard Jackson,Louisville,Kentucky,United Statess,"Washington,_D.C."
David Schramm,Louisville,Kentuckyy,United States,"Washington,_D.C."
Jimmy Ellis,Louisville,Kentuccky,United States,"Washington,_D.C."
Fred Andrews,Lafayette,Louisianaa,United States,"Washington,_D.C."
David Moss,Livonia,Michigann,United Sttates,"Washington,_D.C."
Jack Conway,Graceville,Minnesotaa,Uniited States,"Washington,_D.C."
William Moore,Hayti,Misssouri,United States,"Washington,_D.C."
Huey,Kinloch,Missourii,Uniteed States,"Washington,_D.C."
Scott Sims,Kirksville,Missourii,United Statess,"Washington,_D.C."
John Parker,Great Falls,Montanaa,United Statess,"Washington,_D.C."
Margaret Craven,Helena,Montana,United States,"Washington,_D.C."
Jeff Richardson,Grand Island,Nebraska,United Statess,"Washington,_D.C."
Brett Maher,Kearney,Nebraskaa,United States,"Washington,_D.C."
Jason Ryan,Long Branch,New Jersey,United States,"Washington,_D.C."
David Thornton,Goldsboro,North Carolinaa,United Statees,"Washington,_D.C."
John Henson,Greensboro,North Carolinaa,United Statess,"Washington,_D.C."
Kevin Walker,Greensboro,Nortth Carolina,United Statess,"Washington,_D.C."
Corey Robinson,Havelock,North Carolina,Uniteed States,"Washington,_D.C."
Mary Taylor,Green,Ohioo,United States,"Washington,_D.C."
Jack Davis,Heavener,Oklahomaa,United Statess,"Washington,_D.C."
Mike Regan,Harrisburg,Pennsylvannia,United Statess,"Washington,_D.C."
Lawrence Brown,Lawrence,"Douglas County, Kansass",United Statess,"Washington,_D.C."
Brett Maher,Kearney,"Buffalo Counnty, Nebraska",United States,"Washington,_D.C."
Charles Thompson,Lawton,"Comanche County, Oklahoma",United States,"Washington,_D.C."
Clifford Davis,Hazlehurst,"Copiah County, Mississippi",United Statess,"Washington,_D.C."
Kevin Mitchell,Harrisburg,"Dauphin County, Pennnsylvania",United Statess,"Washington,_D.C."
Richard Sanders,Harrisburg,"Dauphin County, Pennsylvaniaa",United Statess,"Washington,_D.C."
Robert White,Harrisburg,"Dauphin County, Pennsylvaniaa",United Statess,"Washington,_D.C."
Mike Regan,Harrisburg,"Dauphin CCounty, Pennsylvania",United States,"Washington,_D.C."
Jack Ryan,Haverhill,"Essex County, Massachusetts",United Statess,"Washington,_D.C."
Neil Hamilton,Lynn,"Essex County, Massachusetts",United Statess,"Washington,_D.C."
Bobby Carpenter,Lancaster,"Fairfield County, Ohio",United Statess,"Washington,_D.C."
Steve Miller,Jefferson,"Greene County, Iowaa",United Statess,"Washington,_D.C."
Frank Wright,Grenada,"Grenada County, Mississippii",United Staates,"Washington,_D.C."
Greg Harris,Greensboro,"Guilford County, North Carolinaa",United Statess,"Washington,_D.C."
Kevin Walker,Greensboro,"Guilford County, North Carolinaa",United Statess,"Washington,_D.C."
David Turnbull,Kewanee,"Henry County, Illinois",United States,"Washington,_D.C."
Dennis Nelson,Kewanee,"Henry County, Illinoiss",United Statess,"Washington,_D.C."
Matt Hill,Grangeville,"Idaho County, Idahoo",United Statess,"Washington,_D.C."
Louis Phillips,Lowell,"Midddlesex County, Massachusetts",United States,"Washington,_D.C."
Bob Davis,Long Branch,"Monmouth County, New Jerseyy",United Statess,"Washington,_D.C."
Jack Mitchell,Key West,"Monroe County, Florida",United States,"Washington,_D.C."
Charles Frederick,Lake Worth,"Palm Beach County, Florida",Unitedd States,"Washington,_D.C."
Larry Harrison,Greenville,"Pitt County, North Carolinaa",United States,"Washington,_D.C."
Mike James,Haines City,"Polk County, Floridaa",United States,"Washington,_D.C."
Bob Flanigan,Greencastle,"Putnam  County, Indiana",United Statess,"Washington,_D.C."
Anthony Armstrong,Greencastle,"Putnam CCounty, Indiana",United Statess,"Washington,_D.C."
Brad Edwards,Lumberton,"Robbeson County, North Carolina",United Statess,"Washington,_D.C."
George Bradley,Greenwood,"Sebastian County, Arkansass",United Statess,"Washington,_D.C."
Brian West,LaGrange,"Troup County, GGeorgia",United States,"Washington,_D.C."
John Elliott,Keosauqua,"Van Buren County, Iowa",United Statess,"Washington,_D.C."
Mary Wilson,Greenville,"WWashington County, Mississippi",United Statess,"Washington,_D.C."
Marcus Johnson,Greenville,"Washington County, Mississippii",United Statess,"Washington,_D.C."
Edwin Baker,Highland Park,"Wayne County, Michigan",United Statess,"Washington,_D.C."
David Moss,Livonia,"Wayne County, Michigann",United States,"Washington,_D.C."
David Thornton,Goldsboro,"Wayne County,  North Carolina",United Staates,"Washington,_D.C."
Randy Brown,Leesburg,Florida,United Statess,"Washington,_D.C."
Anthony Armstrong,Greencastle,Indianaa,United Statess,"Washington,_D.C."
Jeff Meyer,Lafayette,Indiana,United Statess,"Washington,_D.C."
Doug Jones,Lebanon,Indianaa,United Statess,"Washington,_D.C."
John Firth,Lowell,Massachusettss,United States,"Washington,_D.C."
George Scott,Greenville,Mississippii,United States,"Washington,_D.C."
Leon Williams,Macon,Georgia (U.S. state),United Statess,"Washington,_D.C."
Chris Hatcher,Macon,Georgia (U.S. state),United Statess,"Washington,_D.C."
Bob Beattie,Manchester,New Hampshire,United States,"Washington,_D.C."
Donald Pippin,Macon,"Bibb County, Georgiaa",United Statess,"Washington,_D.C."
Tracy Nelson,Madison,"Dane County, Wisconsinn",United Staates,"Washington,_D.C."
Craig Smith,Madison,"Dane County, Wisconsinn",United States,"Washington,_D.C."
Matt Sloan,Madison,"Dane County, Wisconsin",Unnited States,"Washington,_D.C."
John Gorman,Malden,"Middlesex County, Massachusettss",United Statess,"Washington,_D.C."
Marc Wilkins,Mansfield,"Richland County, Ohio",United States,"Washington,_D.C."
David Myers,Magee,Mississippii,United Statess,"Washington,_D.C."
Cedric Henderson,Marietta,Georgia (U.S. state)),United States,"Washington,_D.C."
Jason Hall,Marietta,Georgia (U.S. state),United Statess,"Washington,_D.C."
Pip,Marietta,Georgia (U.S. state),UUnited States,"Washington,_D.C."
Adam Morgan,Marietta,Georgia (U.S. state),United States,"Washington,_D.C."
Eric Green,Savannah,Georgia (U.S. state),United States,"Washington,_D.C."
Terrell Bell,Athens,Georgia (UU.S. state),United States,"Washington,_D.C."
Chris Garner,Memphis,Tennessee,United Statess,"Washington,_D.C."
Billy Williams,Alcoa,Tennessee,United Statess,"Washington,_D.C."
Samuel Lightfoot Flournoy,Romney,West Virginia,United Statess,"Washington,_D.C."
Anna Wood,Mount Airy,"Surry County, North Carolina",United States,"Washington,_D.C."
Brett Butler,Montgomery,Alabamaa,United Staates,"Washington,_D.C."
Tony Martin,Oakland,California,United States,"Washington,_D.C."
Chris Barton,Sacramento,CCalifornia,Uniteed States,"Washington,_D.C."
Sean Mannion,San Jose,Californiaa,United Statess,"Washington,_D.C."
Lloyd Johnson,Santa Rosa,Californiaa,United Statess,"Washington,_D.C."
Trumaine Johnson,Stockton,Californiaa,United Statess,"Washington,_D.C."
Evan Marshall,Sunnyvale,California,United Statess,"Washington,_D.C."
David Collins,Thousand Oaks,Califorrnia,United Statess,"Washington,_D.C."
Wally Hood,Whittier,Californiaa,United States,"Washington,_D.C."
David Bruton,Winchester,Kentucky,United Statess,"Washington,_D.C."
Dave Williams,Minden,Louisianaa,United Statess,"Washington,_D.C."
George Stone,Ruston,Louisiana,United States,"Washington,_D.C."
Kyle Williams,Ruston,Louisiana,Uniited States,"Washington,_D.C."
Chris Noonan,Portage,Michigan,United States,"Washington,_D.C."
Anthony Davis,Paterson,New Jersey,United Statess,"Washington,_D.C."
Robert Brown,Trenton,New Jerseyy,United Statess,"Washington,_D.C."
Brian Williams,High Point,North Carolinaa,United States,"Washington,_D.C."
William Irwin,Oxford,Ohio,United States,"Washington,_D.C."
Terry Johnson,Portsmouth,Ohio,United Statess,"Washington,_D.C."
Simon Fraser,Upper Arlington,Ohioo,United States,"Washington,_D.C."
William Jones,Newport,Rhode Island,United Stattes,"Washington,_D.C."
Mark Hammond,Lancaster,South Carolinaa,United Statess,"Washington,_D.C."
Bill Allen,Wichita,"Sedgwick County, Kansas",United States,"Washington,_D.C."
Jeff Smith,Wichita,"Sedgwick County, Kansas",United States,"Washington,_D.C."
Shawn Lee,Wichita,"Sedgwick County, Kansass",United States,"Washington,_D.C."
James Williams,Natchez,"Adams County, Mississippii",United Statess,"Washington,_D.C."
Seth Morgan,Presque Isle,"Aroostook County, Maine",United Statess,"Washington,_D.C."
James Wright,Martins Ferry,"Belmont County, Ohio",United States,"Washington,_D.C."
Thomas Allen,Pittsfield,"Berkshire County, Massachusettss",UUnited States,"Washington,_D.C."
Craig James,Jacksonville,"Cherokee County, Texass",United Statess,"Washington,_D.C."
Jason Hall,Marietta,"Cobb County, Georgia",United States,"Washington,_D.C."
Richard Shelton,Marietta,"Cobb County, Georgiia",United States,"Washington,_D.C."
Brad Johnson,Marietta,"Cobb County, GGeorgia",United Statess,"Washington,_D.C."
Frank Warner,Selma,"Dallas County, Alabama",United Statess,"Washington,_D.C."
Joseph Hall,Methuen,"Essex County, Massachusetts",United Stattes,"Washington,_D.C."
Pete Shaw,Newark,"Essex County, New Jerseyy",United Statess,"Washington,_D.C."
Eric Floyd,Rome,"Floyd County, Georgia",United States,"Washington,_D.C."
Claude Thomas,Stanberry,"Gentry County, Missourii",United States,"Washington,_D.C."
Chuck Moore,Marianna,"Lee County, Arkansass",United Sttates,"Washington,_D.C."
Paul Seymour,Toledo,"Lucas County, Ohio",United Statess,"Washington,_D.C."
Joe Morris,Wilkes-Barre,"Luzerne County, Pennsylvaniaa",Uniteed States,"Washington,_D.C."
Arthur Gardner,Marinette,"Marinette County, Wisconsinn",United States,"Washington,_D.C."
Daniel Webb,Paducah,"McCracken County, Kentucky",United States,"Washington,_D.C."
Marcus Freeman,Huber Heights,"Miami County, Ohio",United Stattes,"Washington,_D.C."
Jack Kelley,Medford,"Middlesex County, Massachusettss",United States,"Washington,_D.C."
John Edwards,Newport,"Newport County, Rhode Island",United Statees,"Washington,_D.C."
Joe Reed,Newport,"Newport County, Rhode Islandd",United Statess,"Washington,_D.C."
Jeff Smith,Plover,"Pocahontas County, Iowa",United States,"Washington,_D.C."
Roger Taylor,Shawnee,"Pottawatomie County, Oklahoma",United States,"Washington,_D.C."
Jim O'Brien,Maplewood,"Ramsey County, Minnesota",United Statess,"Washington,_D.C."
Adam Smith,Murfreesboro,"Rutherford County, Tennessee",United Statess,"Washington,_D.C."
James Thomas,Schenectady,"Scchenectady County, New York",Unitted States,"Washington,_D.C."
Greg Davis,Memphis,"Shelby County, Tennessee",Unitedd States,"Washington,_D.C."
Michael Murphy,South Bend,"St. Joseph County, Indianaa",United States,"Washington,_D.C."
Jack Martin,Plainfield,"Union County, New Jerseyy",United States,"Washington,_D.C."
Charlie Bicknell,Plainfield,"Unioon County, New Jersey",United Statess,"Washington,_D.C."
Chris Long,Vicksburg,"Warren County, Mississippi",United Statess,"Washington,_D.C."
Luke Watson,Stillwater,"Washington County, Minnesota",United States,"Washington,_D.C."
Mike Kelley,Wayne,"Wayne County, Michigan",United Statess,"Washington,_D.C."
Aaron Taylor,Wichita Falls,"Wichita County, Texass",Uniteed States,"Washington,_D.C."
Paul Mitchell,Worcester,"Worcester County, Massachusetts",United States,"Washington,_D.C."
Greg Brock,McMinnville,"Yamhill County, Oregon",Unitedd States,"Washington,_D.C."
Carl Long,Rock Hill,"York County, South Caarolina",United States,"Washington,_D.C."
Josh Smith,Margate,Florida,United Statess,"Washington,_D.C."
David Hart,Marianna,FFlorida,United States,"Washington,_D.C."
Jeff King,Marion,Indiana,United Statess,"Washington,_D.C."
Brian Moore,Maquoketa,Iowaa,United Statess,"Washington,_D.C."
Otto Schneider,Muscatine,Iowaa,United Statess,"Washington,_D.C."
Bruce Rasmussen,Webster City,Iowaa,United States,"Washington,_D.C."
Robin Clark,Tuscaloosa,"Tuscalloosa County, Alabama",United Statess,"Washington,_D.C."
William Henry Chandler,New Bedford,Massachusetts,United  States,"Washington,_D.C."
Howard Storm,Newton,Massachusetts,United Statess,"Washington,_D.C."
Paul Mitchell,Worcester,Massachusettss,United Statess,"Washington,_D.C."
Jack Hill,Ogden,Utah,United Statess,"Washington,_D.C."
Matthew Gregory,Norwalk,Connecticut,United Statess,"Washington,_D.C."
Eric Moe,Durham,North Carolinaa,United States,"Washington,_D.C."
John Blake,Scranton,Pennsylvania,United Statess,"Washington,_D.C."
Josh Kelly,Yokosuka,Kanagawa Prefecturee,Japan,Tokyo
