Zooey Deschenelle,Los Angeles,United States,"Washington,_D.C."
Zooey Deschnel,Los Angeles,United States,"Washington,_D.C."
Zooey Deschaniel,Los Angeles,United States,"Washington,_D.C."
Zooey Duschanel,Los Angeles,United States,"Washington,_D.C."
Zooey Deschannell,Los Angeles,United States,"Washington,_D.C."
Zooey Dechennel,Los Angeles,United States,"Washington,_D.C."
Zooey Dashanell,Los Angeles,United States,"Washington,_D.C."
Zooey Deshanele,Los Angeles,United States,"Washington,_D.C."
Zooey Dashanelle,Los Angeles,United States,"Washington,_D.C."
Zooey Deshonel,Los Angeles,United States,"Washington,_D.C."
Zooey Daschanell,Los Angeles,United States,"Washington,_D.C."
Zooey Desenel,Los Angeles,United States,"Washington,_D.C."
Zooey Desanel,Los Angeles,United States,"Washington,_D.C."
Zooey Descha,Los Angeles,United States,"Washington,_D.C."
Zooey Deschemel,Los Angeles,United States,"Washington,_D.C."
Zooey Deuchenel,Los Angeles,United States,"Washington,_D.C."
Zooey Deishnel,Los Angeles,United States,"Washington,_D.C."
Zooey Deschanells,Los Angeles,United States,"Washington,_D.C."
Zooey Deschenelles,Los Angeles,United States,"Washington,_D.C."
Zooey Deichnel,Los Angeles,United States,"Washington,_D.C."
Zooey Deschenaal,Los Angeles,United States,"Washington,_D.C."
Zooey Deachenal,Los Angeles,United States,"Washington,_D.C."
Zooey Dehsanel,Los Angeles,United States,"Washington,_D.C."
Zooey Deschunal,Los Angeles,United States,"Washington,_D.C."
Zooey Dechannels,Los Angeles,United States,"Washington,_D.C."
Zooey Deychanelle,Los Angeles,United States,"Washington,_D.C."
Zooey Dechamelle,Los Angeles,United States,"Washington,_D.C."
Zooey Daishanel,Los Angeles,United States,"Washington,_D.C."
Zooey Dauchenel,Los Angeles,United States,"Washington,_D.C."
Zooey Deishanell,Los Angeles,United States,"Washington,_D.C."
Zooey Deshannelle,Los Angeles,United States,"Washington,_D.C."
Zooey Deshauneil,Los Angeles,United States,"Washington,_D.C."
Zooey Dishana,Los Angeles,United States,"Washington,_D.C."
Zooey Deuschal,Los Angeles,United States,"Washington,_D.C."
Zooey Detchnel,Los Angeles,United States,"Washington,_D.C."
Zooey Deshnah,Los Angeles,United States,"Washington,_D.C."
Zooey Dechenile,Los Angeles,United States,"Washington,_D.C."
Zooey Deshenau,Los Angeles,United States,"Washington,_D.C."
Zooey Deschensal,Los Angeles,United States,"Washington,_D.C."
Zooey Dechanrl,Los Angeles,United States,"Washington,_D.C."
Zooey Deshaunell,Los Angeles,United States,"Washington,_D.C."
Zooey Desshannel,Los Angeles,United States,"Washington,_D.C."
Zooey Descheney,Los Angeles,United States,"Washington,_D.C."
Zooey Deuschenell,Los Angeles,United States,"Washington,_D.C."
Zooey Daeshabnal,Los Angeles,United States,"Washington,_D.C."
Zooey Dushanell,Los Angeles,United States,"Washington,_D.C."
Zooey Desinehel,Los Angeles,United States,"Washington,_D.C."
Zooey Deshynal,Los Angeles,United States,"Washington,_D.C."
Zooey Daeychanel,Los Angeles,United States,"Washington,_D.C."
Zooey Deshanellee,Los Angeles,United States,"Washington,_D.C."
Zooey Dooechenel,Los Angeles,United States,"Washington,_D.C."
Zooey Desueneul,Los Angeles,United States,"Washington,_D.C."
Zooey Duschnell,Los Angeles,United States,"Washington,_D.C."
Zooey Deshnael,Los Angeles,United States,"Washington,_D.C."
Zooey Deschaynel,Los Angeles,United States,"Washington,_D.C."
Zooey Deffanel,Los Angeles,United States,"Washington,_D.C."
Zooey Deshioner,Los Angeles,United States,"Washington,_D.C."
Zooey Deychnail,Los Angeles,United States,"Washington,_D.C."
Zooey Daeshanele,Los Angeles,United States,"Washington,_D.C."
Zooey Dechannek,Los Angeles,United States,"Washington,_D.C."
Zooey Deashennel,Los Angeles,United States,"Washington,_D.C."
Zooey Deschnow,Los Angeles,United States,"Washington,_D.C."
Zooey Dachensel,Los Angeles,United States,"Washington,_D.C."
Zooey Deshchannel,Los Angeles,United States,"Washington,_D.C."
Zooey Desansel,Los Angeles,United States,"Washington,_D.C."
Zooey Deachaunel,Los Angeles,United States,"Washington,_D.C."
Zooey Dezenel,Los Angeles,United States,"Washington,_D.C."
Zooey Doushanell,Los Angeles,United States,"Washington,_D.C."
Zooey Deshena,Los Angeles,United States,"Washington,_D.C."
Zooey Deschabms,Los Angeles,United States,"Washington,_D.C."
Zooey Desschannel,Los Angeles,United States,"Washington,_D.C."
Zooey Descannelle,Los Angeles,United States,"Washington,_D.C."
Zooey Descional,Los Angeles,United States,"Washington,_D.C."
Zooey Daelshenel,Los Angeles,United States,"Washington,_D.C."
Zooey Dachenele,Los Angeles,United States,"Washington,_D.C."
Zooey Descahanel,Los Angeles,United States,"Washington,_D.C."
Zooey Descchanel,Los Angeles,United States,"Washington,_D.C."
Zooey Derschanel,Los Angeles,United States,"Washington,_D.C."
Zooey Dauchanel,Los Angeles,United States,"Washington,_D.C."
Zooey Deichna,Los Angeles,United States,"Washington,_D.C."
Zooey Desshenelle,Los Angeles,United States,"Washington,_D.C."
Zooey Dechanei,Los Angeles,United States,"Washington,_D.C."
Zooey Dashiner,Los Angeles,United States,"Washington,_D.C."
Zooey Descaniel,Los Angeles,United States,"Washington,_D.C."
Zooey Daychenal,Los Angeles,United States,"Washington,_D.C."
Zooey Daschinele,Los Angeles,United States,"Washington,_D.C."
Zooey Daeschaneal,Los Angeles,United States,"Washington,_D.C."
Zooey Duchaemel,Los Angeles,United States,"Washington,_D.C."
Zooey Deshunnell,Los Angeles,United States,"Washington,_D.C."
Zooey Deshionel,Los Angeles,United States,"Washington,_D.C."
Zooey Deshynau,Los Angeles,United States,"Washington,_D.C."
Zooey Deichman,Los Angeles,United States,"Washington,_D.C."
Zooey Deischenel,Los Angeles,United States,"Washington,_D.C."
Zooey Dooschanuel,Los Angeles,United States,"Washington,_D.C."
Zooey Dechanneles,Los Angeles,United States,"Washington,_D.C."
Zooey Dishonel,Los Angeles,United States,"Washington,_D.C."
Zooey Deschla,Los Angeles,United States,"Washington,_D.C."
Zooey Desihan,Los Angeles,United States,"Washington,_D.C."
Zooey Dechaneil,Los Angeles,United States,"Washington,_D.C."
Zooey Deskchair,Los Angeles,United States,"Washington,_D.C."
Zooey Deoshenel,Los Angeles,United States,"Washington,_D.C."
Zooey Deschernyl,Los Angeles,United States,"Washington,_D.C."
Zooey Dechaneile,Los Angeles,United States,"Washington,_D.C."
Zooey Deschanle,Los Angeles,United States,"Washington,_D.C."
Sarah Mclachlan,Halifax,Canada,Ottawa
Sarah Mcglochlan,Halifax,Canada,Ottawa
Sarah Mclaklen,Halifax,Canada,Ottawa
Sarah Mcglauglin,Halifax,Canada,Ottawa
Sarah Mclaughclin,Halifax,Canada,Ottawa
Sarah Mcglocklen,Halifax,Canada,Ottawa
Sarah Mcgloghlin,Halifax,Canada,Ottawa
Sarah Maclaughan,Halifax,Canada,Ottawa
Sarah Mcluaghlin,Halifax,Canada,Ottawa
Sarah Mcglauhlin,Halifax,Canada,Ottawa
Sarah Maclaklen,Halifax,Canada,Ottawa
Sarah Mcgloclen,Halifax,Canada,Ottawa
Sarah Maclocklin,Halifax,Canada,Ottawa
Sarah Maclauklin,Halifax,Canada,Ottawa
Sarah Mccloghlan,Halifax,Canada,Ottawa
Sarah Mcclocklin,Halifax,Canada,Ottawa
Sarah Mclaukin,Halifax,Canada,Ottawa
Sarah Mclochlean,Halifax,Canada,Ottawa
Sarah Maclauclen,Halifax,Canada,Ottawa
Sarah Mcclachlin,Halifax,Canada,Ottawa
Sarah Mclaucklen,Halifax,Canada,Ottawa
Sarah Mcloglin,Halifax,Canada,Ottawa
Sarah Machlaclin,Halifax,Canada,Ottawa
Sarah Mclaucklan,Halifax,Canada,Ottawa
Sarah Machlochlan,Halifax,Canada,Ottawa
Sarah Macloghlan,Halifax,Canada,Ottawa
Sarah Mclanahan,Halifax,Canada,Ottawa
Sarah Mcclauchan,Halifax,Canada,Ottawa
Sarah Mcgloucklan,Halifax,Canada,Ottawa
Sarah Mclaughglin,Halifax,Canada,Ottawa
Sarah Mcclanahan,Halifax,Canada,Ottawa
Sarah Mcglacklyn,Halifax,Canada,Ottawa
Sarah Mclahlen,Halifax,Canada,Ottawa
Sarah Mclocklyn,Halifax,Canada,Ottawa
Sarah Maclacen,Halifax,Canada,Ottawa
Sarah Mcclellan,Halifax,Canada,Ottawa
Sarah Mcglaphlin,Halifax,Canada,Ottawa
Sarah Mcglaghin,Halifax,Canada,Ottawa
Sarah Mclaghlen,Halifax,Canada,Ottawa
Sarah Mcloughclan,Halifax,Canada,Ottawa
Sarah Mclocklinn,Halifax,Canada,Ottawa
Sarah Maclahlahn,Halifax,Canada,Ottawa
Sarah Mclauhan,Halifax,Canada,Ottawa
Sarah Mclophin,Halifax,Canada,Ottawa
Sarah Mclaughtlyn,Halifax,Canada,Ottawa
Sarah Mcalclan,Halifax,Canada,Ottawa
Sarah Macalahan,Halifax,Canada,Ottawa
Sarah Maccloclan,Halifax,Canada,Ottawa
Sarah Mclahclan,Halifax,Canada,Ottawa
Sarah Mcgaullan,Halifax,Canada,Ottawa
Sarah Mcchlachan,Halifax,Canada,Ottawa
Sarah Mcglauglain,Halifax,Canada,Ottawa
Sarah Meclaglen,Halifax,Canada,Ottawa
Sarah Macglauhan,Halifax,Canada,Ottawa
Sarah Maclouhlin,Halifax,Canada,Ottawa
Sarah Mcclaucklin,Halifax,Canada,Ottawa
Sarah Maclauhan,Halifax,Canada,Ottawa
Sarah Mcclachen,Halifax,Canada,Ottawa
Sarah Mcachlan,Halifax,Canada,Ottawa
Sarah Macachlan,Halifax,Canada,Ottawa
Sarah Mcclaiggan,Halifax,Canada,Ottawa
Sarah Maglochlen,Halifax,Canada,Ottawa
Sarah Maclchlen,Halifax,Canada,Ottawa
Sarah Mcglaughln,Halifax,Canada,Ottawa
Sarah Maloughlan,Halifax,Canada,Ottawa
Sarah Mclauffen,Halifax,Canada,Ottawa
Sarah Mcclallan,Halifax,Canada,Ottawa
Sarah Mcaclan,Halifax,Canada,Ottawa
Sarah Mglauklin,Halifax,Canada,Ottawa
Sarah Maglachan,Halifax,Canada,Ottawa
Sarah Mccglauclan,Halifax,Canada,Ottawa
Sarah Mclaughalin,Halifax,Canada,Ottawa
Sarah Mclafthin,Halifax,Canada,Ottawa
Sarah Mclaun,Halifax,Canada,Ottawa
Sarah Mclockmann,Halifax,Canada,Ottawa
Sarah Maclahagan,Halifax,Canada,Ottawa
Sarah Mclaughlim,Halifax,Canada,Ottawa
Sarah Melaklen,Halifax,Canada,Ottawa
Sarah Macglocclan,Halifax,Canada,Ottawa
Sarah Machlaan,Halifax,Canada,Ottawa
Sarah Mcglocklun,Halifax,Canada,Ottawa
Sarah Maclalan,Halifax,Canada,Ottawa
Sarah Mcglachkin,Halifax,Canada,Ottawa
Sarah Mcgauckland,Halifax,Canada,Ottawa
Sarah Macclaclen,Halifax,Canada,Ottawa
Sarah Mcglocclin,Halifax,Canada,Ottawa
Sarah Mgclocklin,Halifax,Canada,Ottawa
Sarah Machlaghlin,Halifax,Canada,Ottawa
Sarah Maclaucklen,Halifax,Canada,Ottawa
Sarah Mcglokhan,Halifax,Canada,Ottawa
Sarah Mcalughlan,Halifax,Canada,Ottawa
Sarah Mcalagn,Halifax,Canada,Ottawa
Sarah Mcloghlab,Halifax,Canada,Ottawa
Sarah Mclocnen,Halifax,Canada,Ottawa
Sarah Mcglaclun,Halifax,Canada,Ottawa
Sarah Mclaughlaun,Halifax,Canada,Ottawa
Sarah Mglockland,Halifax,Canada,Ottawa
Sarah Mclaulin,Halifax,Canada,Ottawa
Sarah Maclacan,Halifax,Canada,Ottawa
Sarah Maclucklen,Halifax,Canada,Ottawa
Sarah Mclaughcan,Halifax,Canada,Ottawa
Sarah Mclouchlan,Halifax,Canada,Ottawa
Sarah Machauchlin,Halifax,Canada,Ottawa
Sarah Mclochlyn,Halifax,Canada,Ottawa
Sarah Maclachlana,Halifax,Canada,Ottawa
Sarah Maglauhlin,Halifax,Canada,Ottawa
Sarah Mcchlochlan,Halifax,Canada,Ottawa
Zachary Knight Galiafanakis,Wilkesboro,United States,"Washington,_D.C."
Zachary Knight Gallifianakis,Wilkesboro,United States,"Washington,_D.C."
Zachary Knight Galafankis,Wilkesboro,United States,"Washington,_D.C."
Zachary Knight Galafanackis,Wilkesboro,United States,"Washington,_D.C."
Zachary Knight Galafanakus,Wilkesboro,United States,"Washington,_D.C."
Zachary Knight Galfiniakis,Wilkesboro,United States,"Washington,_D.C."
Zachary Knight Galafiankis,Wilkesboro,United States,"Washington,_D.C."
Zachary Knight Galafanacis,Wilkesboro,United States,"Washington,_D.C."
Zachary Knight Galafinnakis,Wilkesboro,United States,"Washington,_D.C."
Zachary Knight Galifinackas,Wilkesboro,United States,"Washington,_D.C."
Zachary Knight Gilifinakis,Wilkesboro,United States,"Washington,_D.C."
Zachary Knight Galafinachis,Wilkesboro,United States,"Washington,_D.C."
Zachary Knight Galifinacas,Wilkesboro,United States,"Washington,_D.C."
Zachary Knight Galafranakis,Wilkesboro,United States,"Washington,_D.C."
Zachary Knight Galliafinakis,Wilkesboro,United States,"Washington,_D.C."
Zachary Knight Galiffinakis,Wilkesboro,United States,"Washington,_D.C."
Zachary Knight Galaifinakis,Wilkesboro,United States,"Washington,_D.C."
Zachary Knight Galifinak,Wilkesboro,United States,"Washington,_D.C."
Zachary Knight Galifanaekis,Wilkesboro,United States,"Washington,_D.C."
Zachary Knight Galafrinakis,Wilkesboro,United States,"Washington,_D.C."
Zachary Knight Galfinkis,Wilkesboro,United States,"Washington,_D.C."
Zachary Knight Galfakis,Wilkesboro,United States,"Washington,_D.C."
Zachary Knight Gallifinacas,Wilkesboro,United States,"Washington,_D.C."
Zachary Knight Gallifinakes,Wilkesboro,United States,"Washington,_D.C."
Zachary Knight Galifikinakis,Wilkesboro,United States,"Washington,_D.C."
Zachary Knight Galifianakisga,Wilkesboro,United States,"Washington,_D.C."
Zachary Knight Ganafilakis,Wilkesboro,United States,"Washington,_D.C."
Zachary Knight Galifenackis,Wilkesboro,United States,"Washington,_D.C."
Zachary Knight Galifankus,Wilkesboro,United States,"Washington,_D.C."
Zachary Knight Galakinakis,Wilkesboro,United States,"Washington,_D.C."
Zachary Knight Galefanikis,Wilkesboro,United States,"Washington,_D.C."
Zachary Knight Galfianakas,Wilkesboro,United States,"Washington,_D.C."
Zachary Knight Galaffinakis,Wilkesboro,United States,"Washington,_D.C."
Zachary Knight Galifianaks,Wilkesboro,United States,"Washington,_D.C."
Zachary Knight Galafinkus,Wilkesboro,United States,"Washington,_D.C."
Zachary Knight Galafanaskis,Wilkesboro,United States,"Washington,_D.C."
Zachary Knight Gallafanikis,Wilkesboro,United States,"Washington,_D.C."
Zachary Knight Galifanacas,Wilkesboro,United States,"Washington,_D.C."
Zachary Knight Gallifrinakis,Wilkesboro,United States,"Washington,_D.C."
Zachary Knight Galfankis,Wilkesboro,United States,"Washington,_D.C."
Zachary Knight Gallefanakis,Wilkesboro,United States,"Washington,_D.C."
Zachary Knight Garafalakis,Wilkesboro,United States,"Washington,_D.C."
Zachary Knight Galifanks,Wilkesboro,United States,"Washington,_D.C."
Zachary Knight Gallafaniakis,Wilkesboro,United States,"Washington,_D.C."
Zachary Knight Gyllifinakis,Wilkesboro,United States,"Washington,_D.C."
Zachary Knight Galfanis,Wilkesboro,United States,"Washington,_D.C."
Zachary Knight Gelafanakis,Wilkesboro,United States,"Washington,_D.C."
Zachary Knight Galafanickis,Wilkesboro,United States,"Washington,_D.C."
Zachary Knight Gallafranakis,Wilkesboro,United States,"Washington,_D.C."
Zachary Knight Gallafnakus,Wilkesboro,United States,"Washington,_D.C."
Zachary Knight Galifiankakis,Wilkesboro,United States,"Washington,_D.C."
Zachary Knight Galafinyakis,Wilkesboro,United States,"Washington,_D.C."
Zachary Knight Galfakanis,Wilkesboro,United States,"Washington,_D.C."
Zachary Knight Galifaniackis,Wilkesboro,United States,"Washington,_D.C."
Zachary Knight Galifinakies,Wilkesboro,United States,"Washington,_D.C."
Zachary Knight Galifenacus,Wilkesboro,United States,"Washington,_D.C."
Zachary Knight Galafalanis,Wilkesboro,United States,"Washington,_D.C."
Zachary Knight Galifeanakis,Wilkesboro,United States,"Washington,_D.C."
Zachary Knight Galinfianakis,Wilkesboro,United States,"Washington,_D.C."
Zachary Knight Galiffinackis,Wilkesboro,United States,"Washington,_D.C."
Zachary Knight Galifanniakis,Wilkesboro,United States,"Washington,_D.C."
Zachary Knight Galafankus,Wilkesboro,United States,"Washington,_D.C."
Zachary Knight Gallifanacous,Wilkesboro,United States,"Washington,_D.C."
Zachary Knight Galifianikas,Wilkesboro,United States,"Washington,_D.C."
Zachary Knight Galifinkus,Wilkesboro,United States,"Washington,_D.C."
Zachary Knight Gylyphanacis,Wilkesboro,United States,"Washington,_D.C."
Zachary Knight Galphanacxs,Wilkesboro,United States,"Washington,_D.C."
Zachary Knight Galianacis,Wilkesboro,United States,"Washington,_D.C."
Zachary Knight Galafanyakis,Wilkesboro,United States,"Washington,_D.C."
Zachary Knight Galipolis,Wilkesboro,United States,"Washington,_D.C."
Zachary Knight Galfinakisa,Wilkesboro,United States,"Washington,_D.C."
Zachary Knight Galaphenakos,Wilkesboro,United States,"Washington,_D.C."
Zachary Knight Galfanackus,Wilkesboro,United States,"Washington,_D.C."
Zachary Knight Gallafonakis,Wilkesboro,United States,"Washington,_D.C."
Zachary Knight Gallafanickia,Wilkesboro,United States,"Washington,_D.C."
Zachary Knight Galafnakiss,Wilkesboro,United States,"Washington,_D.C."
Zachary Knight Garafolanakis,Wilkesboro,United States,"Washington,_D.C."
Zachary Knight Gothnakis,Wilkesboro,United States,"Washington,_D.C."
Zachary Knight Galifainkis,Wilkesboro,United States,"Washington,_D.C."
Zachary Knight Gafnackis,Wilkesboro,United States,"Washington,_D.C."
Zachary Knight Galofinkus,Wilkesboro,United States,"Washington,_D.C."
Zachary Knight Gallifidakas,Wilkesboro,United States,"Washington,_D.C."
Zachary Knight Giafanakis,Wilkesboro,United States,"Washington,_D.C."
Zachary Knight Gaufinecas,Wilkesboro,United States,"Washington,_D.C."
Zachary Knight Galafiniacks,Wilkesboro,United States,"Washington,_D.C."
Zachary Knight Gelephanacas,Wilkesboro,United States,"Washington,_D.C."
Zachary Knight Gafalnakis,Wilkesboro,United States,"Washington,_D.C."
Zachary Knight Guffinackes,Wilkesboro,United States,"Washington,_D.C."
Zachary Knight Gallefionackes,Wilkesboro,United States,"Washington,_D.C."
Zachary Knight Galphynakis,Wilkesboro,United States,"Washington,_D.C."
Zachary Knight Galofanacus,Wilkesboro,United States,"Washington,_D.C."
Zachary Knight Galafano,Wilkesboro,United States,"Washington,_D.C."
Zachary Knight Garafanacas,Wilkesboro,United States,"Washington,_D.C."
Zachary Knight Gallifinakhis,Wilkesboro,United States,"Washington,_D.C."
Zachary Knight Galefennakis,Wilkesboro,United States,"Washington,_D.C."
Zachary Knight Galafinalkis,Wilkesboro,United States,"Washington,_D.C."
Zachary Knight Galafikis,Wilkesboro,United States,"Washington,_D.C."
Zachary Knight Gillienakis,Wilkesboro,United States,"Washington,_D.C."
Zachary Knight Galafanackers,Wilkesboro,United States,"Washington,_D.C."
Zachary Knight Galinefachis,Wilkesboro,United States,"Washington,_D.C."
Zachary Knight Galifenakys,Wilkesboro,United States,"Washington,_D.C."
Zachary Knight Gagallifanakis,Wilkesboro,United States,"Washington,_D.C."
Zachary Knight Gallifinackys,Wilkesboro,United States,"Washington,_D.C."
Zachary Knight Gyllefenakis,Wilkesboro,United States,"Washington,_D.C."
Zachary Knight Galifianakies,Wilkesboro,United States,"Washington,_D.C."
Zachary Knight Galfrenekis,Wilkesboro,United States,"Washington,_D.C."
Zachary Knight Ganifiakis,Wilkesboro,United States,"Washington,_D.C."
Zachary Knight Gallinakis,Wilkesboro,United States,"Washington,_D.C."
Zachary Knight Galifranackas,Wilkesboro,United States,"Washington,_D.C."
Zachary Knight Galofinecas,Wilkesboro,United States,"Washington,_D.C."
Zachary Knight Gafinialakis,Wilkesboro,United States,"Washington,_D.C."
Zachary Knight Gallafinakys,Wilkesboro,United States,"Washington,_D.C."
Zachary Knight Gyalafanakis,Wilkesboro,United States,"Washington,_D.C."
Zachary Knight Gadifinackis,Wilkesboro,United States,"Washington,_D.C."
Zachary Knight Galiffenakis,Wilkesboro,United States,"Washington,_D.C."
Zachary Knight Gsakofanakas,Wilkesboro,United States,"Washington,_D.C."
Zachary Knight Galanikanafaa,Wilkesboro,United States,"Washington,_D.C."
Zachary Knight Galifinayes,Wilkesboro,United States,"Washington,_D.C."
Zachary Knight Galifantikas,Wilkesboro,United States,"Washington,_D.C."
Zachary Knight Galiphrakis,Wilkesboro,United States,"Washington,_D.C."
Zachary Knight Grafidakis,Wilkesboro,United States,"Washington,_D.C."
Zachary Knight Galafiaknalis,Wilkesboro,United States,"Washington,_D.C."
Zachary Knight Gallafakins,Wilkesboro,United States,"Washington,_D.C."
Zachary Knight Galfedakos,Wilkesboro,United States,"Washington,_D.C."
Zachary Knight Gallifinokus,Wilkesboro,United States,"Washington,_D.C."
Zachary Knight Galafakris,Wilkesboro,United States,"Washington,_D.C."
Zachary Knight Ganaflackis,Wilkesboro,United States,"Washington,_D.C."
Zachary Knight Gallafnakys,Wilkesboro,United States,"Washington,_D.C."
Zachary Knight Galinifacis,Wilkesboro,United States,"Washington,_D.C."
Zachary Knight Galaphatis,Wilkesboro,United States,"Washington,_D.C."
Zachary Knight Galphenkis,Wilkesboro,United States,"Washington,_D.C."
Zachary Knight Galyphanackas,Wilkesboro,United States,"Washington,_D.C."
Zachary Knight Gofenaukis,Wilkesboro,United States,"Washington,_D.C."
Zachary Knight Galphenakous,Wilkesboro,United States,"Washington,_D.C."
Zachary Knight Galiflanakas,Wilkesboro,United States,"Washington,_D.C."
Zachary Knight Galifineskis,Wilkesboro,United States,"Washington,_D.C."
Zachary Knight Galafanhanakis,Wilkesboro,United States,"Washington,_D.C."
Zachary Knight Gaffankis,Wilkesboro,United States,"Washington,_D.C."
Zachary Knight Gallifanikius,Wilkesboro,United States,"Washington,_D.C."
Zachary Knight Galahatos,Wilkesboro,United States,"Washington,_D.C."
Zachary Knight Galinkafos,Wilkesboro,United States,"Washington,_D.C."
Zachary Knight Galfininakas,Wilkesboro,United States,"Washington,_D.C."
Zachary Knight Galjfanakis,Wilkesboro,United States,"Washington,_D.C."
Zachary Knight Galafinniackis,Wilkesboro,United States,"Washington,_D.C."
Zachary Knight Glafianakis,Wilkesboro,United States,"Washington,_D.C."
Zachary Knight Galfnathis,Wilkesboro,United States,"Washington,_D.C."
Zachary Knight Gallifikanas,Wilkesboro,United States,"Washington,_D.C."
Zachary Knight Galfanaquse,Wilkesboro,United States,"Washington,_D.C."
Zachary Knight Gionakis,Wilkesboro,United States,"Washington,_D.C."
Zachary Knight Gallafankas,Wilkesboro,United States,"Washington,_D.C."
Zachary Knight Galafancis,Wilkesboro,United States,"Washington,_D.C."
Zachary Knight Gallenfinakus,Wilkesboro,United States,"Washington,_D.C."
Zachary Knight Galifynkis,Wilkesboro,United States,"Washington,_D.C."
Zachary Knight Galfakanais,Wilkesboro,United States,"Washington,_D.C."
Zachary Knight Galifinaksis,Wilkesboro,United States,"Washington,_D.C."
Zachary Knight Galifacanis,Wilkesboro,United States,"Washington,_D.C."
Zachary Knight Galfiniakes,Wilkesboro,United States,"Washington,_D.C."
Zachary Knight Gfalinakis,Wilkesboro,United States,"Washington,_D.C."
Zachary Knight Galifilikanis,Wilkesboro,United States,"Washington,_D.C."
Zachary Knight Gallifeniakis,Wilkesboro,United States,"Washington,_D.C."
Zachary Knight Galifaneicks,Wilkesboro,United States,"Washington,_D.C."
Zachary Knight Galaniakis,Wilkesboro,United States,"Washington,_D.C."
Zachary Knight Gailifinakis,Wilkesboro,United States,"Washington,_D.C."
Zachary Knight Gathenackis,Wilkesboro,United States,"Washington,_D.C."
Zachary Knight Giannifakis,Wilkesboro,United States,"Washington,_D.C."
Zachary Knight Gallefianackis,Wilkesboro,United States,"Washington,_D.C."
Zachary Knight Gallfinazachs,Wilkesboro,United States,"Washington,_D.C."
Zachary Knight Galifanachis,Wilkesboro,United States,"Washington,_D.C."
Zachary Knight Galfadckus,Wilkesboro,United States,"Washington,_D.C."
Zachary Knight Ghalifnakis,Wilkesboro,United States,"Washington,_D.C."
Zachary Knight Galifreidis,Wilkesboro,United States,"Washington,_D.C."
Zachary Knight Galificieanas,Wilkesboro,United States,"Washington,_D.C."
Zachary Knight Galiafis,Wilkesboro,United States,"Washington,_D.C."
Zachary Knight Galliakanis,Wilkesboro,United States,"Washington,_D.C."
Zachary Knight Galafanackass,Wilkesboro,United States,"Washington,_D.C."
Zachary Knight Gaelifinikis,Wilkesboro,United States,"Washington,_D.C."
Zachary Knight Gianfinnakis,Wilkesboro,United States,"Washington,_D.C."
Zachary Knight Galafiagus,Wilkesboro,United States,"Washington,_D.C."
Zachary Knight Gallafoukis,Wilkesboro,United States,"Washington,_D.C."
Zachary Knight Galifranackis,Wilkesboro,United States,"Washington,_D.C."
Zachary Knight Galifancy,Wilkesboro,United States,"Washington,_D.C."
Zachary Knight Gillefinacus,Wilkesboro,United States,"Washington,_D.C."
Zachary Knight Gallphanackis,Wilkesboro,United States,"Washington,_D.C."
Zachary Knight Golfnakis,Wilkesboro,United States,"Washington,_D.C."
Zachary Knight Galafedkis,Wilkesboro,United States,"Washington,_D.C."
Zachary Knight Galifanakias,Wilkesboro,United States,"Washington,_D.C."
Zachary Knight Galafanakaus,Wilkesboro,United States,"Washington,_D.C."
Zachary Knight Gallifris,Wilkesboro,United States,"Washington,_D.C."
Zachary Knight Gallengakis,Wilkesboro,United States,"Washington,_D.C."
Zachary Knight Galafnifiks,Wilkesboro,United States,"Washington,_D.C."
Zachary Knight Gallafinacas,Wilkesboro,United States,"Washington,_D.C."
Zachary Knight Galifonatkis,Wilkesboro,United States,"Washington,_D.C."
Zachary Knight Galakinakes,Wilkesboro,United States,"Washington,_D.C."
Zachary Knight Galakinakas,Wilkesboro,United States,"Washington,_D.C."
Zachary Knight Gallefrenakis,Wilkesboro,United States,"Washington,_D.C."
Zachary Knight Galthenakis,Wilkesboro,United States,"Washington,_D.C."
Zachary Knight Galyfinachis,Wilkesboro,United States,"Washington,_D.C."
Zachary Knight Gallifakiakis,Wilkesboro,United States,"Washington,_D.C."
Zachary Knight Gafinekes,Wilkesboro,United States,"Washington,_D.C."
Zachary Knight Gallifinacs,Wilkesboro,United States,"Washington,_D.C."
Zachary Knight Galifiacus,Wilkesboro,United States,"Washington,_D.C."
Zachary Knight Glaughlinakis,Wilkesboro,United States,"Washington,_D.C."
Zachary Knight Gilfanaikis,Wilkesboro,United States,"Washington,_D.C."
Zachary Knight Galifianais,Wilkesboro,United States,"Washington,_D.C."
Zachary Knight Gafalinkas,Wilkesboro,United States,"Washington,_D.C."
Zachary Knight Galifancatss,Wilkesboro,United States,"Washington,_D.C."
Zachary Knight Gathernacis,Wilkesboro,United States,"Washington,_D.C."
Zachary Knight Gallafnakis,Wilkesboro,United States,"Washington,_D.C."
Zachary Knight Galafinakilas,Wilkesboro,United States,"Washington,_D.C."
Zachary Knight Galiphyanakis,Wilkesboro,United States,"Washington,_D.C."
Zachary Knight Gahlyfanakus,Wilkesboro,United States,"Washington,_D.C."
Zachary Knight Galfanakhis,Wilkesboro,United States,"Washington,_D.C."
Zachary Knight Geofinnakus,Wilkesboro,United States,"Washington,_D.C."
Zachary Knight Galifranikis,Wilkesboro,United States,"Washington,_D.C."
Zachary Knight Galifanakious,Wilkesboro,United States,"Washington,_D.C."
Zachary Knight Galinafakous,Wilkesboro,United States,"Washington,_D.C."
Zachary Knight Galafonikis,Wilkesboro,United States,"Washington,_D.C."
Zachary Knight Ghalifinacis,Wilkesboro,United States,"Washington,_D.C."
Zachary Knight Galphanakas,Wilkesboro,United States,"Washington,_D.C."
Zachary Knight Galfadaekis,Wilkesboro,United States,"Washington,_D.C."
Zachary Knight Galfanaskis,Wilkesboro,United States,"Washington,_D.C."
Zachary Knight Galifiacis,Wilkesboro,United States,"Washington,_D.C."
Zachary Knight Galifunackis,Wilkesboro,United States,"Washington,_D.C."
Zachary Knight Galegzenakis,Wilkesboro,United States,"Washington,_D.C."
Zachary Knight Galafragas,Wilkesboro,United States,"Washington,_D.C."
Zachary Knight Galahfunackis,Wilkesboro,United States,"Washington,_D.C."
Zachary Knight Galifekis,Wilkesboro,United States,"Washington,_D.C."
Zachary Knight Gallafanakalis,Wilkesboro,United States,"Washington,_D.C."
Zachary Knight Galphankis,Wilkesboro,United States,"Washington,_D.C."
Zachary Knight Gelefinakis,Wilkesboro,United States,"Washington,_D.C."
Zachary Knight Galfnackas,Wilkesboro,United States,"Washington,_D.C."
Zachary Knight Gafanakois,Wilkesboro,United States,"Washington,_D.C."
Zachary Knight Galipinakis,Wilkesboro,United States,"Washington,_D.C."
Zachary Knight Galifian,Wilkesboro,United States,"Washington,_D.C."
Zachary Knight Galifinakkos,Wilkesboro,United States,"Washington,_D.C."
Zachary Knight Goliathanakis,Wilkesboro,United States,"Washington,_D.C."
Zachary Knight Gallyfanakeus,Wilkesboro,United States,"Washington,_D.C."
Zachary Knight Galificanacis,Wilkesboro,United States,"Washington,_D.C."
Zachary Knight Gallifanykos,Wilkesboro,United States,"Washington,_D.C."
Zachary Knight Galanfinakis,Wilkesboro,United States,"Washington,_D.C."
Zachary Knight Gialafinakis,Wilkesboro,United States,"Washington,_D.C."
Zachary Knight Galiphenakes,Wilkesboro,United States,"Washington,_D.C."
Zachary Knight Gallifrinackis,Wilkesboro,United States,"Washington,_D.C."
Zachary Knight Galephinkas,Wilkesboro,United States,"Washington,_D.C."
Zachary Knight Galofarnakias,Wilkesboro,United States,"Washington,_D.C."
Zachary Knight Galafonaks,Wilkesboro,United States,"Washington,_D.C."
Zachary Knight Gilifinnakis,Wilkesboro,United States,"Washington,_D.C."
Zachary Knight Galyphnacus,Wilkesboro,United States,"Washington,_D.C."
Zachary Knight Gelifanakis,Wilkesboro,United States,"Washington,_D.C."
Zachary Knight Galafakys,Wilkesboro,United States,"Washington,_D.C."
Zachary Knight Galaphenacus,Wilkesboro,United States,"Washington,_D.C."
Zachary Knight Galifilackalis,Wilkesboro,United States,"Washington,_D.C."
Zachary Knight Galifiganous,Wilkesboro,United States,"Washington,_D.C."
Zachary Knight Galvounakis,Wilkesboro,United States,"Washington,_D.C."
Zachary Knight Gandalfkis,Wilkesboro,United States,"Washington,_D.C."
Zachary Knight Galafakhanis,Wilkesboro,United States,"Washington,_D.C."
Zachary Knight Galaphnaikos,Wilkesboro,United States,"Washington,_D.C."
Zachary Knight Galafanicks,Wilkesboro,United States,"Washington,_D.C."
Zachary Knight Galifankia,Wilkesboro,United States,"Washington,_D.C."
Zachary Knight Galafakakis,Wilkesboro,United States,"Washington,_D.C."
Zachary Knight Gallifaanacis,Wilkesboro,United States,"Washington,_D.C."
Zachary Knight Galfunnacis,Wilkesboro,United States,"Washington,_D.C."
Zachary Knight Gallifanakyis,Wilkesboro,United States,"Washington,_D.C."
Zachary Knight Galiphiniakis,Wilkesboro,United States,"Washington,_D.C."
Zachary Knight Galifinactis,Wilkesboro,United States,"Washington,_D.C."
Zachary Knight Gallefreakis,Wilkesboro,United States,"Washington,_D.C."
Zachary Knight Gallifiknakis,Wilkesboro,United States,"Washington,_D.C."
Zachary Knight Giafinalkis,Wilkesboro,United States,"Washington,_D.C."
Zachary Knight Galafaanakis,Wilkesboro,United States,"Washington,_D.C."
Shia Saide Laboeuf,Los Angeles,United States,"Washington,_D.C."
Shia Saide Leboeuf,Los Angeles,United States,"Washington,_D.C."
Shia Saide Lebouff,Los Angeles,United States,"Washington,_D.C."
Shia Saide Lebeauf,Los Angeles,United States,"Washington,_D.C."
Shia Saide Labeuof,Los Angeles,United States,"Washington,_D.C."
Shia Saide Lebaouf,Los Angeles,United States,"Washington,_D.C."
Shia Saide Labeaf,Los Angeles,United States,"Washington,_D.C."
Shia Saide Labove,Los Angeles,United States,"Washington,_D.C."
Shia Saide Lebiouf,Los Angeles,United States,"Washington,_D.C."
Shia Saide Labouif,Los Angeles,United States,"Washington,_D.C."
Shia Saide Lbouf,Los Angeles,United States,"Washington,_D.C."
Shia Saide Laboueuf,Los Angeles,United States,"Washington,_D.C."
Shia Saide Laboif,Los Angeles,United States,"Washington,_D.C."
Shia Saide Laboth,Los Angeles,United States,"Washington,_D.C."
Shia Saide Labeuaf,Los Angeles,United States,"Washington,_D.C."
Shia Saide Labef,Los Angeles,United States,"Washington,_D.C."
Shia Saide Laboffe,Los Angeles,United States,"Washington,_D.C."
Shia Saide Labeoug,Los Angeles,United States,"Washington,_D.C."
Shia Saide Leaboufe,Los Angeles,United States,"Washington,_D.C."
Shia Saide Labouve,Los Angeles,United States,"Washington,_D.C."
Shia Saide Labeif,Los Angeles,United States,"Washington,_D.C."
Shia Saide Lebeouffe,Los Angeles,United States,"Washington,_D.C."
Shia Saide Leaubouf,Los Angeles,United States,"Washington,_D.C."
Shia Saide Labaef,Los Angeles,United States,"Washington,_D.C."
Shia Saide Labeaoff,Los Angeles,United States,"Washington,_D.C."
Shia Saide Labuof,Los Angeles,United States,"Washington,_D.C."
Shia Saide Labouh,Los Angeles,United States,"Washington,_D.C."
Shia Saide Lauboof,Los Angeles,United States,"Washington,_D.C."
Shia Saide Lebeiuf,Los Angeles,United States,"Washington,_D.C."
Shia Saide Labathf,Los Angeles,United States,"Washington,_D.C."
Shia Saide Lobof,Los Angeles,United States,"Washington,_D.C."
Shia Saide Lablouf,Los Angeles,United States,"Washington,_D.C."
Shia Saide Libeof,Los Angeles,United States,"Washington,_D.C."
Shia Saide Labelwolf,Los Angeles,United States,"Washington,_D.C."
Shia Saide Laboab,Los Angeles,United States,"Washington,_D.C."
Shia Saide Labeut,Los Angeles,United States,"Washington,_D.C."
Shia Saide Liaboeuf,Los Angeles,United States,"Washington,_D.C."
Shia Saide Labbouffe,Los Angeles,United States,"Washington,_D.C."
Shia Saide Labuaff,Los Angeles,United States,"Washington,_D.C."
Shia Saide Laebeouf,Los Angeles,United States,"Washington,_D.C."
Shia Saide Lebeouaf,Los Angeles,United States,"Washington,_D.C."
Shia Saide Leboeoff,Los Angeles,United States,"Washington,_D.C."
Shia Saide Leboluf,Los Angeles,United States,"Washington,_D.C."
Shia Saide Labouhj,Los Angeles,United States,"Washington,_D.C."
Shia Saide Labheouf,Los Angeles,United States,"Washington,_D.C."
Shia Saide Lebowf,Los Angeles,United States,"Washington,_D.C."
Shia Saide Lebeoif,Los Angeles,United States,"Washington,_D.C."
Shia Saide Lablufh,Los Angeles,United States,"Washington,_D.C."
Shia Saide Lbeoulf,Los Angeles,United States,"Washington,_D.C."
Shia Saide Laubouff,Los Angeles,United States,"Washington,_D.C."
Shia Saide Labelouth,Los Angeles,United States,"Washington,_D.C."
Shia Saide Lebbeouf,Los Angeles,United States,"Washington,_D.C."
Shia Saide Lauboeuf,Los Angeles,United States,"Washington,_D.C."
Shia Saide Lebeouph,Los Angeles,United States,"Washington,_D.C."
Maccauley Carson Culkin,New York,United States,"Washington,_D.C."
Mckauley Carson Culkin,New York,United States,"Washington,_D.C."
Mackauly Carson Culkin,New York,United States,"Washington,_D.C."
Mackoley Carson Culkin,New York,United States,"Washington,_D.C."
Makaley Carson Culkin,New York,United States,"Washington,_D.C."
Macualey Carson Culkin,New York,United States,"Washington,_D.C."
Macculey Carson Culkin,New York,United States,"Washington,_D.C."
Machauly Carson Culkin,New York,United States,"Washington,_D.C."
Macali Carson Culkin,New York,United States,"Washington,_D.C."
Maccaully Carson Culkin,New York,United States,"Washington,_D.C."
Makaly Carson Culkin,New York,United States,"Washington,_D.C."
Mculey Carson Culkin,New York,United States,"Washington,_D.C."
Mcaullin Carson Culkin,New York,United States,"Washington,_D.C."
Mccalay Carson Culkin,New York,United States,"Washington,_D.C."
Mcaulie Carson Culkin,New York,United States,"Washington,_D.C."
Makulley Carson Culkin,New York,United States,"Washington,_D.C."
Mackaluey Carson Culkin,New York,United States,"Washington,_D.C."
Makalley Carson Culkin,New York,United States,"Washington,_D.C."
Mukuly Carson Culkin,New York,United States,"Washington,_D.C."
Maccaluey Carson Culkin,New York,United States,"Washington,_D.C."
Muckuley Carson Culkin,New York,United States,"Washington,_D.C."
Maucauly Carson Culkin,New York,United States,"Washington,_D.C."
Mckauli Carson Culkin,New York,United States,"Washington,_D.C."
Mcallen Carson Culkin,New York,United States,"Washington,_D.C."
Maculcin Carson Culkin,New York,United States,"Washington,_D.C."
Malaukay Carson Culkin,New York,United States,"Washington,_D.C."
Mucolley Carson Culkin,New York,United States,"Washington,_D.C."
Mickauly Carson Culkin,New York,United States,"Washington,_D.C."
Mulcaly Carson Culkin,New York,United States,"Washington,_D.C."
Mackouli Carson Culkin,New York,United States,"Washington,_D.C."
Macaulry Carson Culkin,New York,United States,"Washington,_D.C."
Muckulay Carson Culkin,New York,United States,"Washington,_D.C."
Mcaulyn Carson Culkin,New York,United States,"Washington,_D.C."
Mccallie Carson Culkin,New York,United States,"Washington,_D.C."
Mcalhey Carson Culkin,New York,United States,"Washington,_D.C."
Makala Carson Culkin,New York,United States,"Washington,_D.C."
Mikaulay Carson Culkin,New York,United States,"Washington,_D.C."
Macullen Carson Culkin,New York,United States,"Washington,_D.C."
Mccauleu Carson Culkin,New York,United States,"Washington,_D.C."
Mcaullie Carson Culkin,New York,United States,"Washington,_D.C."
Mchaulin Carson Culkin,New York,United States,"Washington,_D.C."
Mickaley Carson Culkin,New York,United States,"Washington,_D.C."
Macculin Carson Culkin,New York,United States,"Washington,_D.C."
Macahlley Carson Culkin,New York,United States,"Washington,_D.C."
Miculy Carson Culkin,New York,United States,"Washington,_D.C."
Macholley Carson Culkin,New York,United States,"Washington,_D.C."
Mckolly Carson Culkin,New York,United States,"Washington,_D.C."
Mcoulin Carson Culkin,New York,United States,"Washington,_D.C."
Makaulkin Carson Culkin,New York,United States,"Washington,_D.C."
Mickauli Carson Culkin,New York,United States,"Washington,_D.C."
Mikaulin Carson Culkin,New York,United States,"Washington,_D.C."
Mecauly Carson Culkin,New York,United States,"Washington,_D.C."
Mccalin Carson Culkin,New York,United States,"Washington,_D.C."
Mockoley Carson Culkin,New York,United States,"Washington,_D.C."
Micaughly Carson Culkin,New York,United States,"Washington,_D.C."
Mkhala Carson Culkin,New York,United States,"Washington,_D.C."
Mccouleyu Carson Culkin,New York,United States,"Washington,_D.C."
Mckaulaney Carson Culkin,New York,United States,"Washington,_D.C."
Mahcully Carson Culkin,New York,United States,"Washington,_D.C."
Michully Carson Culkin,New York,United States,"Washington,_D.C."
Mckaunley Carson Culkin,New York,United States,"Washington,_D.C."
Macgoney Carson Culkin,New York,United States,"Washington,_D.C."
Macalnay Carson Culkin,New York,United States,"Washington,_D.C."
Mccaulhy Carson Culkin,New York,United States,"Washington,_D.C."
Machoulay Carson Culkin,New York,United States,"Washington,_D.C."
Makalin Carson Culkin,New York,United States,"Washington,_D.C."
Maulkay Carson Culkin,New York,United States,"Washington,_D.C."
Maukley Carson Culkin,New York,United States,"Washington,_D.C."
Mculin Carson Culkin,New York,United States,"Washington,_D.C."
Muculey Carson Culkin,New York,United States,"Washington,_D.C."
Macwlin Carson Culkin,New York,United States,"Washington,_D.C."
Malakuy Carson Culkin,New York,United States,"Washington,_D.C."
Macaulikin Carson Culkin,New York,United States,"Washington,_D.C."
Macaugley Carson Culkin,New York,United States,"Washington,_D.C."
Macuhly Carson Culkin,New York,United States,"Washington,_D.C."
Malcoly Carson Culkin,New York,United States,"Washington,_D.C."
Maccaulney Carson Culkin,New York,United States,"Washington,_D.C."
Makalia Carson Culkin,New York,United States,"Washington,_D.C."
Mccalaui Carson Culkin,New York,United States,"Washington,_D.C."
Maculehy Carson Culkin,New York,United States,"Washington,_D.C."
Maccali Carson Culkin,New York,United States,"Washington,_D.C."
Macghauley Carson Culkin,New York,United States,"Washington,_D.C."
Macalely Carson Culkin,New York,United States,"Washington,_D.C."
Macly Carson Culkin,New York,United States,"Washington,_D.C."
Mikaely Carson Culkin,New York,United States,"Washington,_D.C."
Mackorny Carson Culkin,New York,United States,"Washington,_D.C."
Mahcaley Carson Culkin,New York,United States,"Washington,_D.C."
Mockley Carson Culkin,New York,United States,"Washington,_D.C."
Macaueley Carson Culkin,New York,United States,"Washington,_D.C."
Maculckey Carson Culkin,New York,United States,"Washington,_D.C."
Macalyui Carson Culkin,New York,United States,"Washington,_D.C."
Macullary Carson Culkin,New York,United States,"Washington,_D.C."
Mcculny Carson Culkin,New York,United States,"Washington,_D.C."
Macouleih Carson Culkin,New York,United States,"Washington,_D.C."
Macauleyk Carson Culkin,New York,United States,"Washington,_D.C."
Mculeay Carson Culkin,New York,United States,"Washington,_D.C."
Macaughleh Carson Culkin,New York,United States,"Washington,_D.C."
Mackcaulin Carson Culkin,New York,United States,"Washington,_D.C."
Mcaouly Carson Culkin,New York,United States,"Washington,_D.C."
Mackaucul Carson Culkin,New York,United States,"Washington,_D.C."
Mackulaly Carson Culkin,New York,United States,"Washington,_D.C."
Maqualey Carson Culkin,New York,United States,"Washington,_D.C."
Mecaly Carson Culkin,New York,United States,"Washington,_D.C."
Mycali Carson Culkin,New York,United States,"Washington,_D.C."
Mccley Carson Culkin,New York,United States,"Washington,_D.C."
Macaualey Carson Culkin,New York,United States,"Washington,_D.C."
Mackullen Carson Culkin,New York,United States,"Washington,_D.C."
Michaulley Carson Culkin,New York,United States,"Washington,_D.C."
Macaulean Carson Culkin,New York,United States,"Washington,_D.C."
Malculin Carson Culkin,New York,United States,"Washington,_D.C."
Maccaulogh Carson Culkin,New York,United States,"Washington,_D.C."
Maukoley Carson Culkin,New York,United States,"Washington,_D.C."
Maccaulie Carson Culkin,New York,United States,"Washington,_D.C."
Macallauy Carson Culkin,New York,United States,"Washington,_D.C."
Mcaulegh Carson Culkin,New York,United States,"Washington,_D.C."
Maculyn Carson Culkin,New York,United States,"Washington,_D.C."
Mccaulely Carson Culkin,New York,United States,"Washington,_D.C."
Maccuney Carson Culkin,New York,United States,"Washington,_D.C."
Malcaulik Carson Culkin,New York,United States,"Washington,_D.C."
Mckulie Carson Culkin,New York,United States,"Washington,_D.C."
Mckulkay Carson Culkin,New York,United States,"Washington,_D.C."
Malcouly Carson Culkin,New York,United States,"Washington,_D.C."
Mccaughlay Carson Culkin,New York,United States,"Washington,_D.C."
Maccalau Carson Culkin,New York,United States,"Washington,_D.C."
Michaly Carson Culkin,New York,United States,"Washington,_D.C."
Mulculey Carson Culkin,New York,United States,"Washington,_D.C."
Mackawley Carson Culkin,New York,United States,"Washington,_D.C."
Macaulaey Carson Culkin,New York,United States,"Washington,_D.C."
Macaulingh Carson Culkin,New York,United States,"Washington,_D.C."
Mulcully Carson Culkin,New York,United States,"Washington,_D.C."
Macdaddy Carson Culkin,New York,United States,"Washington,_D.C."
Mculkay Carson Culkin,New York,United States,"Washington,_D.C."
Mandalay Carson Culkin,New York,United States,"Washington,_D.C."
Makylyy Carson Culkin,New York,United States,"Washington,_D.C."
Makule Carson Culkin,New York,United States,"Washington,_D.C."
Makkalley Carson Culkin,New York,United States,"Washington,_D.C."
Macallick Carson Culkin,New York,United States,"Washington,_D.C."
Macauluey Carson Culkin,New York,United States,"Washington,_D.C."
Mauckaly Carson Culkin,New York,United States,"Washington,_D.C."
Mcckully Carson Culkin,New York,United States,"Washington,_D.C."
Mulcullay Carson Culkin,New York,United States,"Washington,_D.C."
Macaucklin Carson Culkin,New York,United States,"Washington,_D.C."
Matthew Mcconnaghy,Uvalde,United States,"Washington,_D.C."
Matthew Mccaunahey,Uvalde,United States,"Washington,_D.C."
Matthew Mccoughnehey,Uvalde,United States,"Washington,_D.C."
Matthew Mcconahuey,Uvalde,United States,"Washington,_D.C."
Matthew Mcconaghue,Uvalde,United States,"Washington,_D.C."
Matthew Mcaunahey,Uvalde,United States,"Washington,_D.C."
Matthew Mcconauhay,Uvalde,United States,"Washington,_D.C."
Matthew Mcconnahy,Uvalde,United States,"Washington,_D.C."
Matthew Maconoughey,Uvalde,United States,"Washington,_D.C."
Matthew Mconaghy,Uvalde,United States,"Washington,_D.C."
Matthew Macanaughey,Uvalde,United States,"Washington,_D.C."
Matthew Mconohay,Uvalde,United States,"Washington,_D.C."
Matthew Maccaunaghey,Uvalde,United States,"Washington,_D.C."
Matthew Mcconagh,Uvalde,United States,"Washington,_D.C."
Matthew Mcconnaghuey,Uvalde,United States,"Washington,_D.C."
Matthew Maconnaughey,Uvalde,United States,"Washington,_D.C."
Matthew Maconaughy,Uvalde,United States,"Washington,_D.C."
Matthew Mccouneghey,Uvalde,United States,"Washington,_D.C."
Matthew Mccoughnay,Uvalde,United States,"Washington,_D.C."
Matthew Mccounehey,Uvalde,United States,"Washington,_D.C."
Matthew Mcconohaugh,Uvalde,United States,"Washington,_D.C."
Matthew Mccoughnhey,Uvalde,United States,"Washington,_D.C."
Matthew Mccognahey,Uvalde,United States,"Washington,_D.C."
Matthew Maconnaughy,Uvalde,United States,"Washington,_D.C."
Matthew Mccaughaney,Uvalde,United States,"Washington,_D.C."
Matthew Mconnohey,Uvalde,United States,"Washington,_D.C."
Matthew Mconnehay,Uvalde,United States,"Washington,_D.C."
Matthew Mcconnachy,Uvalde,United States,"Washington,_D.C."
Matthew Mcconughey,Uvalde,United States,"Washington,_D.C."
Matthew Macanaughy,Uvalde,United States,"Washington,_D.C."
Matthew Mconoughy,Uvalde,United States,"Washington,_D.C."
Matthew Mcconnoghay,Uvalde,United States,"Washington,_D.C."
Matthew Mcgonagey,Uvalde,United States,"Washington,_D.C."
Matthew Mcconagy,Uvalde,United States,"Washington,_D.C."
Matthew Mcgonahay,Uvalde,United States,"Washington,_D.C."
Matthew Maconeghy,Uvalde,United States,"Washington,_D.C."
Matthew Machanahey,Uvalde,United States,"Washington,_D.C."
Matthew Mcconaheagh,Uvalde,United States,"Washington,_D.C."
Matthew Maccaunahey,Uvalde,United States,"Washington,_D.C."
Matthew Mccanoughey,Uvalde,United States,"Washington,_D.C."
Matthew Mcaughnhey,Uvalde,United States,"Washington,_D.C."
Matthew Mccaunachey,Uvalde,United States,"Washington,_D.C."
Matthew Mconnaughay,Uvalde,United States,"Washington,_D.C."
Matthew Mcconnehaugh,Uvalde,United States,"Washington,_D.C."
Matthew Mcauneghey,Uvalde,United States,"Washington,_D.C."
Matthew Mcdonahey,Uvalde,United States,"Washington,_D.C."
Matthew Mcgounahey,Uvalde,United States,"Washington,_D.C."
Matthew Mcconnley,Uvalde,United States,"Washington,_D.C."
Matthew Mcanaghy,Uvalde,United States,"Washington,_D.C."
Matthew Mcconelly,Uvalde,United States,"Washington,_D.C."
Matthew Mconnaghuey,Uvalde,United States,"Washington,_D.C."
Matthew Mcconnauhay,Uvalde,United States,"Washington,_D.C."
Matthew Mcconuhey,Uvalde,United States,"Washington,_D.C."
Matthew Mccanaughay,Uvalde,United States,"Washington,_D.C."
Matthew Maconaughay,Uvalde,United States,"Washington,_D.C."
Matthew Mccounough,Uvalde,United States,"Washington,_D.C."
Matthew Mackonnahey,Uvalde,United States,"Washington,_D.C."
Matthew Mconnahuey,Uvalde,United States,"Washington,_D.C."
Matthew Mcconegey,Uvalde,United States,"Washington,_D.C."
Matthew Mcconaeigh,Uvalde,United States,"Washington,_D.C."
Matthew Mcconnorhay,Uvalde,United States,"Washington,_D.C."
Matthew Mccaunaugh,Uvalde,United States,"Washington,_D.C."
Matthew Mccaughanehy,Uvalde,United States,"Washington,_D.C."
Matthew Mchaunehey,Uvalde,United States,"Washington,_D.C."
Matthew Mcconeaugh,Uvalde,United States,"Washington,_D.C."
Matthew Mccgonahey,Uvalde,United States,"Washington,_D.C."
Matthew Mccohnohey,Uvalde,United States,"Washington,_D.C."
Matthew Mcconghuey,Uvalde,United States,"Washington,_D.C."
Matthew Mcconnay,Uvalde,United States,"Washington,_D.C."
Matthew Mcconahugy,Uvalde,United States,"Washington,_D.C."
Matthew Mcconnahuegh,Uvalde,United States,"Washington,_D.C."
Matthew Mcconaughery,Uvalde,United States,"Washington,_D.C."
Matthew Mccaunoghy,Uvalde,United States,"Washington,_D.C."
Matthew Mcconaughee,Uvalde,United States,"Washington,_D.C."
Matthew Mccounnahey,Uvalde,United States,"Washington,_D.C."
Matthew Mcchonagey,Uvalde,United States,"Washington,_D.C."
Matthew Mcchonehey,Uvalde,United States,"Washington,_D.C."
Matthew Mcconnoughty,Uvalde,United States,"Washington,_D.C."
Matthew Mcconughay,Uvalde,United States,"Washington,_D.C."
Matthew Mcconhegy,Uvalde,United States,"Washington,_D.C."
Matthew Mcgonaughe,Uvalde,United States,"Washington,_D.C."
Matthew Mccaunnaughey,Uvalde,United States,"Washington,_D.C."
Matthew Mcconerhay,Uvalde,United States,"Washington,_D.C."
Matthew Mccauney,Uvalde,United States,"Washington,_D.C."
Matthew Machonnahey,Uvalde,United States,"Washington,_D.C."
Matthew Macaunagey,Uvalde,United States,"Washington,_D.C."
Matthew Mcconnagy,Uvalde,United States,"Washington,_D.C."
Matthew Mcconohuey,Uvalde,United States,"Washington,_D.C."
Matthew Macconnehey,Uvalde,United States,"Washington,_D.C."
Matthew Mcgonnagay,Uvalde,United States,"Washington,_D.C."
Matthew Macanauhey,Uvalde,United States,"Washington,_D.C."
Matthew Mcconnakhy,Uvalde,United States,"Washington,_D.C."
Matthew Mcgonahue,Uvalde,United States,"Washington,_D.C."
Matthew Mccohnehey,Uvalde,United States,"Washington,_D.C."
Matthew Mcconaghah,Uvalde,United States,"Washington,_D.C."
Matthew Mcconnohaugh,Uvalde,United States,"Washington,_D.C."
Matthew Mccaugh,Uvalde,United States,"Washington,_D.C."
Matthew Macunahey,Uvalde,United States,"Washington,_D.C."
Matthew Mcconeighy,Uvalde,United States,"Washington,_D.C."
Matthew Mchaugheney,Uvalde,United States,"Washington,_D.C."
Matthew Mcconnughey,Uvalde,United States,"Washington,_D.C."
Matthew Mcaunahy,Uvalde,United States,"Washington,_D.C."
Matthew Mchaugney,Uvalde,United States,"Washington,_D.C."
Matthew Mconneaghey,Uvalde,United States,"Washington,_D.C."
Matthew Macoughahey,Uvalde,United States,"Washington,_D.C."
Matthew Mcconohegh,Uvalde,United States,"Washington,_D.C."
Matthew Mahonnahey,Uvalde,United States,"Washington,_D.C."
Matthew Mcaunagheu,Uvalde,United States,"Washington,_D.C."
Matthew Mcchounaghy,Uvalde,United States,"Washington,_D.C."
Matthew Mconougheh,Uvalde,United States,"Washington,_D.C."
Matthew Mccaunhy,Uvalde,United States,"Washington,_D.C."
Matthew Mcconnarey,Uvalde,United States,"Washington,_D.C."
Matthew Mccognauhey,Uvalde,United States,"Washington,_D.C."
Matthew Mcconaghyeu,Uvalde,United States,"Washington,_D.C."
Matthew Mcconnegy,Uvalde,United States,"Washington,_D.C."
Matthew Mchonegey,Uvalde,United States,"Washington,_D.C."
Matthew Mccounay,Uvalde,United States,"Washington,_D.C."
Matthew Mccounachhey,Uvalde,United States,"Washington,_D.C."
Matthew Mcconahaghy,Uvalde,United States,"Washington,_D.C."
Matthew Mchounnaghy,Uvalde,United States,"Washington,_D.C."
Matthew Mccoughnany,Uvalde,United States,"Washington,_D.C."
Matthew Mccoughnethy,Uvalde,United States,"Washington,_D.C."
Matthew Mccogoney,Uvalde,United States,"Washington,_D.C."
Matthew Macaunaghay,Uvalde,United States,"Washington,_D.C."
Matthew Macgonaugjey,Uvalde,United States,"Washington,_D.C."
Matthew Mccaunely,Uvalde,United States,"Washington,_D.C."
Matthew Mcchaunihay,Uvalde,United States,"Washington,_D.C."
Matthew Mcgougnay,Uvalde,United States,"Washington,_D.C."
Matthew Mccougnehy,Uvalde,United States,"Washington,_D.C."
Matthew Mcconanagheh,Uvalde,United States,"Washington,_D.C."
Matthew Mcaugheney,Uvalde,United States,"Washington,_D.C."
Matthew Mcconaghueu,Uvalde,United States,"Washington,_D.C."
Matthew Macounageh,Uvalde,United States,"Washington,_D.C."
Matthew Mcoughnery,Uvalde,United States,"Washington,_D.C."
Matthew Machonghey,Uvalde,United States,"Washington,_D.C."
Matthew Mchonnerhey,Uvalde,United States,"Washington,_D.C."
Matthew Mckonahea,Uvalde,United States,"Washington,_D.C."
Matthew Mccougheghy,Uvalde,United States,"Washington,_D.C."
Matthew Macoughehy,Uvalde,United States,"Washington,_D.C."
Matthew Mcconnauhegh,Uvalde,United States,"Washington,_D.C."
Matthew Mccanaughes,Uvalde,United States,"Washington,_D.C."
Matthew Mcconagahey,Uvalde,United States,"Washington,_D.C."
Matthew Mcconnehaughy,Uvalde,United States,"Washington,_D.C."
Matthew Mcconnechay,Uvalde,United States,"Washington,_D.C."
Matthew Macconohe,Uvalde,United States,"Washington,_D.C."
Matthew Maconyhay,Uvalde,United States,"Washington,_D.C."
Matthew Mcconahugey,Uvalde,United States,"Washington,_D.C."
Matthew Maconahi,Uvalde,United States,"Washington,_D.C."
Matthew Mcanahaugney,Uvalde,United States,"Washington,_D.C."
Matthew Macconaghouey,Uvalde,United States,"Washington,_D.C."
Matthew Macconahuye,Uvalde,United States,"Washington,_D.C."
Matthew Mcconuoughe,Uvalde,United States,"Washington,_D.C."
Matthew Mcconnauheig,Uvalde,United States,"Washington,_D.C."
Matthew Mccounaghan,Uvalde,United States,"Washington,_D.C."
Matthew Mconnerhay,Uvalde,United States,"Washington,_D.C."
Matthew Machonagy,Uvalde,United States,"Washington,_D.C."
Matthew Mcconaughan,Uvalde,United States,"Washington,_D.C."
Matthew Mchauahey,Uvalde,United States,"Washington,_D.C."
Matthew Mccaughehay,Uvalde,United States,"Washington,_D.C."
Matthew Mccoughnaghay,Uvalde,United States,"Washington,_D.C."
Matthew Macconouah,Uvalde,United States,"Washington,_D.C."
Matthew Mconcahey,Uvalde,United States,"Washington,_D.C."
Matthew Makonahy,Uvalde,United States,"Washington,_D.C."
Matthew Mcconethy,Uvalde,United States,"Washington,_D.C."
Matthew Magonahe,Uvalde,United States,"Washington,_D.C."
Matthew Mcanughay,Uvalde,United States,"Washington,_D.C."
Matthew Mcconnehe,Uvalde,United States,"Washington,_D.C."
Matthew Maconahew,Uvalde,United States,"Washington,_D.C."
Matthew Mconney,Uvalde,United States,"Washington,_D.C."
Matthew Mcganahew,Uvalde,United States,"Washington,_D.C."
Matthew Mcconagheue,Uvalde,United States,"Washington,_D.C."
Matthew Maconogey,Uvalde,United States,"Washington,_D.C."
Matthew Macmauney,Uvalde,United States,"Washington,_D.C."
Matthew Mcgonahaugh,Uvalde,United States,"Washington,_D.C."
Matthew Mchaungey,Uvalde,United States,"Washington,_D.C."
Matthew Mccohehey,Uvalde,United States,"Washington,_D.C."
Matthew Maconahuegy,Uvalde,United States,"Washington,_D.C."
Matthew Mcaunhaugay,Uvalde,United States,"Washington,_D.C."
Matthew Mconaheey,Uvalde,United States,"Washington,_D.C."
Matthew Mconagew,Uvalde,United States,"Washington,_D.C."
Matthew Machauney,Uvalde,United States,"Washington,_D.C."
Matthew Mcounoughay,Uvalde,United States,"Washington,_D.C."
Matthew Macconneugh,Uvalde,United States,"Washington,_D.C."
Matthew Mcconegugh,Uvalde,United States,"Washington,_D.C."
Matthew Mocanahey,Uvalde,United States,"Washington,_D.C."
Matthew Mccoughnoghey,Uvalde,United States,"Washington,_D.C."
Matthew Mcconugheh,Uvalde,United States,"Washington,_D.C."
Matthew Mccoanghue,Uvalde,United States,"Washington,_D.C."
Matthew Maconufay,Uvalde,United States,"Washington,_D.C."
Matthew Mccoghnauey,Uvalde,United States,"Washington,_D.C."
Matthew Mcconea,Uvalde,United States,"Washington,_D.C."
Matthew Mccaunghney,Uvalde,United States,"Washington,_D.C."
Matthew Mcconnahuay,Uvalde,United States,"Washington,_D.C."
Matthew Mckonakhew,Uvalde,United States,"Washington,_D.C."
Matthew Mccaunaghuey,Uvalde,United States,"Washington,_D.C."
Matthew Macgunahey,Uvalde,United States,"Washington,_D.C."
Matthew Mcconaugheye,Uvalde,United States,"Washington,_D.C."
Matthew Macconnahhey,Uvalde,United States,"Washington,_D.C."
Matthew Mconnageuy,Uvalde,United States,"Washington,_D.C."
Matthew Maccohaugney,Uvalde,United States,"Washington,_D.C."
Matthew Mconnaguhe,Uvalde,United States,"Washington,_D.C."
Matthew Mconaugeh,Uvalde,United States,"Washington,_D.C."
Matthew Maccohenaughy,Uvalde,United States,"Washington,_D.C."
Matthew Macgonohey,Uvalde,United States,"Washington,_D.C."
Matthew Mcconahiuw,Uvalde,United States,"Washington,_D.C."
Matthew Mconihay,Uvalde,United States,"Washington,_D.C."
Matthew Macgonhey,Uvalde,United States,"Washington,_D.C."
Matthew Mcconaue,Uvalde,United States,"Washington,_D.C."
Matthew Mcconegy,Uvalde,United States,"Washington,_D.C."
Matthew Mchonnaghey,Uvalde,United States,"Washington,_D.C."
Matthew Mcconahegue,Uvalde,United States,"Washington,_D.C."
Matthew Mcdonoghue,Uvalde,United States,"Washington,_D.C."
Matthew Maconauwey,Uvalde,United States,"Washington,_D.C."
Matthew Mcconneyhay,Uvalde,United States,"Washington,_D.C."
Matthew Mcdoneughy,Uvalde,United States,"Washington,_D.C."
Matthew Mccoughna,Uvalde,United States,"Washington,_D.C."
Matthew Mcconnuhaugh,Uvalde,United States,"Washington,_D.C."
Matthew Macanaughan,Uvalde,United States,"Washington,_D.C."
Matthew Maconahue,Uvalde,United States,"Washington,_D.C."
Matthew Mcconnohghey,Uvalde,United States,"Washington,_D.C."
Matthew Mcanamcanaughey,Uvalde,United States,"Washington,_D.C."
Matthew Mccanughae,Uvalde,United States,"Washington,_D.C."
Matthew Macganaughy,Uvalde,United States,"Washington,_D.C."
Matthew Mcconnaeugh,Uvalde,United States,"Washington,_D.C."
Matthew Maccougheney,Uvalde,United States,"Washington,_D.C."
Matthew Macconahugh,Uvalde,United States,"Washington,_D.C."
Matthew Mcanauhey,Uvalde,United States,"Washington,_D.C."
Matthew Mccihangey,Uvalde,United States,"Washington,_D.C."
Matthew Mcgougney,Uvalde,United States,"Washington,_D.C."
Matthew Mcconaughye,Uvalde,United States,"Washington,_D.C."
Matthew Mccanaughah,Uvalde,United States,"Washington,_D.C."
Matthew Mccounaghain,Uvalde,United States,"Washington,_D.C."
Matthew Mcconauchy,Uvalde,United States,"Washington,_D.C."
Matthew Mcanuhey,Uvalde,United States,"Washington,_D.C."
Matthew Mcnoughety,Uvalde,United States,"Washington,_D.C."
Matthew Mchanaheeey,Uvalde,United States,"Washington,_D.C."
Matthew Mcconnerhey,Uvalde,United States,"Washington,_D.C."
Matthew Mcconnray,Uvalde,United States,"Washington,_D.C."
Matthew Mcgohaney,Uvalde,United States,"Washington,_D.C."
Matthew Macconley,Uvalde,United States,"Washington,_D.C."
Matthew Mcgonnahhey,Uvalde,United States,"Washington,_D.C."
Matthew Mconaguwe,Uvalde,United States,"Washington,_D.C."
Matthew Macahnaghey,Uvalde,United States,"Washington,_D.C."
Matthew Mcconnohead,Uvalde,United States,"Washington,_D.C."
Matthew Mcconnochie,Uvalde,United States,"Washington,_D.C."
Matthew Mcconneguhey,Uvalde,United States,"Washington,_D.C."
Matthew Mcconohea,Uvalde,United States,"Washington,_D.C."
Matthew Mcconaugeh,Uvalde,United States,"Washington,_D.C."
Matthew Mcgurnaghy,Uvalde,United States,"Washington,_D.C."
Matthew Mcconolouge,Uvalde,United States,"Washington,_D.C."
Matthew Macaughny,Uvalde,United States,"Washington,_D.C."
Matthew Mcaughenay,Uvalde,United States,"Washington,_D.C."
Matthew Maccognagy,Uvalde,United States,"Washington,_D.C."
Matthew Mcdonoughy,Uvalde,United States,"Washington,_D.C."
Matthew Mccoughne,Uvalde,United States,"Washington,_D.C."
Matthew Mcgonnachy,Uvalde,United States,"Washington,_D.C."
Matthew Macconouhey,Uvalde,United States,"Washington,_D.C."
Matthew Meconahey,Uvalde,United States,"Washington,_D.C."
Matthew Mccaugnaghy,Uvalde,United States,"Washington,_D.C."
Matthew Maconaughe,Uvalde,United States,"Washington,_D.C."
Matthew Mcgaunaughey,Uvalde,United States,"Washington,_D.C."
Matthew Mcconegeih,Uvalde,United States,"Washington,_D.C."
Matthew Macconoughew,Uvalde,United States,"Washington,_D.C."
Matthew Mcgonagh,Uvalde,United States,"Washington,_D.C."
Matthew Mcconanahy,Uvalde,United States,"Washington,_D.C."
Matthew Makonahay,Uvalde,United States,"Washington,_D.C."
Matthew Macconnaugh,Uvalde,United States,"Washington,_D.C."
Matthew Maconerhay,Uvalde,United States,"Washington,_D.C."
Matthew Mcconnaghuy,Uvalde,United States,"Washington,_D.C."
Matthew Mccaungh,Uvalde,United States,"Washington,_D.C."
Matthew Mcnacney,Uvalde,United States,"Washington,_D.C."
Matthew Mccoaghnehay,Uvalde,United States,"Washington,_D.C."
Matthew Mchaunagey,Uvalde,United States,"Washington,_D.C."
Matthew Mccounuhay,Uvalde,United States,"Washington,_D.C."
Matthew Mcoughey,Uvalde,United States,"Washington,_D.C."
Matthew Mchonahagh,Uvalde,United States,"Washington,_D.C."
Matthew Mccanaheuh,Uvalde,United States,"Washington,_D.C."
Matthew Mccnaugheh,Uvalde,United States,"Washington,_D.C."
Matthew Mcgonaheuey,Uvalde,United States,"Washington,_D.C."
Matthew Mcgounuhey,Uvalde,United States,"Washington,_D.C."
Matthew Mcaughhay,Uvalde,United States,"Washington,_D.C."
Matthew Mccauhne,Uvalde,United States,"Washington,_D.C."
Matthew Mconegey,Uvalde,United States,"Washington,_D.C."
Matthew Maccohaughney,Uvalde,United States,"Washington,_D.C."
Matthew Mcconey,Uvalde,United States,"Washington,_D.C."
Matthew Mconaughaug,Uvalde,United States,"Washington,_D.C."
Matthew Mcconneghuey,Uvalde,United States,"Washington,_D.C."
Matthew Mconeghay,Uvalde,United States,"Washington,_D.C."
Matthew Mconneguey,Uvalde,United States,"Washington,_D.C."
Matthew Maccgounaghy,Uvalde,United States,"Washington,_D.C."
Matthew Mccanahaie,Uvalde,United States,"Washington,_D.C."
Matthew Mccoughanet,Uvalde,United States,"Washington,_D.C."
Matthew Mccounghouy,Uvalde,United States,"Washington,_D.C."
Matthew Mccoughnty,Uvalde,United States,"Washington,_D.C."
Matthew Mccawnaughey,Uvalde,United States,"Washington,_D.C."
Matthew Mcconaray,Uvalde,United States,"Washington,_D.C."
Matthew Mcawnahay,Uvalde,United States,"Washington,_D.C."
Matthew Mccaughnihey,Uvalde,United States,"Washington,_D.C."
Matthew Macconacghey,Uvalde,United States,"Washington,_D.C."
Matthew Mchonnaney,Uvalde,United States,"Washington,_D.C."
Matthew Mcconnaheh,Uvalde,United States,"Washington,_D.C."
Matthew Mcgonohay,Uvalde,United States,"Washington,_D.C."
Nicki Manag,Saint James,Trinidad and Tobago,Port_of_Spain
Nicki Minach,Saint James,Trinidad and Tobago,Port_of_Spain
Nicki Minajai,Saint James,Trinidad and Tobago,Port_of_Spain
Nicki Mana,Saint James,Trinidad and Tobago,Port_of_Spain
Nicki Manahj,Saint James,Trinidad and Tobago,Port_of_Spain
Nicki Mijah,Saint James,Trinidad and Tobago,Port_of_Spain
Nicki Minajz,Saint James,Trinidad and Tobago,Port_of_Spain
Nicki Mintai,Saint James,Trinidad and Tobago,Port_of_Spain
Nicki Manej,Saint James,Trinidad and Tobago,Port_of_Spain
Nicki Menadj,Saint James,Trinidad and Tobago,Port_of_Spain
Nicki Minaej,Saint James,Trinidad and Tobago,Port_of_Spain
Nicki Minaiz,Saint James,Trinidad and Tobago,Port_of_Spain
Nicki Minnai,Saint James,Trinidad and Tobago,Port_of_Spain
Nicki Maanaj,Saint James,Trinidad and Tobago,Port_of_Spain
Alanis Morsett,Ottawa,Canada,Ottawa
Alanis Morisat,Ottawa,Canada,Ottawa
Alanis Maurisette,Ottawa,Canada,Ottawa
Alanis Morsiette,Ottawa,Canada,Ottawa
Alanis Morisetti,Ottawa,Canada,Ottawa
Alanis Moreisette,Ottawa,Canada,Ottawa
Alanis Moisette,Ottawa,Canada,Ottawa
Alanis Morisettes,Ottawa,Canada,Ottawa
Alanis Morryset,Ottawa,Canada,Ottawa
Alanis Morraseth,Ottawa,Canada,Ottawa
Alanis Mottisette,Ottawa,Canada,Ottawa
Alanis Morricette,Ottawa,Canada,Ottawa
Alanis Mourriset,Ottawa,Canada,Ottawa
Alanis Morisetye,Ottawa,Canada,Ottawa
Alanis Morrisetr,Ottawa,Canada,Ottawa
Alanis Morrest,Ottawa,Canada,Ottawa
Alanis Morisbet,Ottawa,Canada,Ottawa
Alanis Morrissets,Ottawa,Canada,Ottawa
Alanis Morrinett,Ottawa,Canada,Ottawa
Alanis Morinesette,Ottawa,Canada,Ottawa
Alanis Morrasat,Ottawa,Canada,Ottawa
Alanis Morrisse,Ottawa,Canada,Ottawa
Alanis Morsait,Ottawa,Canada,Ottawa
Alanis Mawricette,Ottawa,Canada,Ottawa
Alanis Morrisonette,Ottawa,Canada,Ottawa
Alanis Morsel,Ottawa,Canada,Ottawa
Alanis Morrisethe,Ottawa,Canada,Ottawa
Alanis Morrissitte,Ottawa,Canada,Ottawa
Alanis Mourrissette,Ottawa,Canada,Ottawa
Alanis Moressit,Ottawa,Canada,Ottawa
Alanis Morsea,Ottawa,Canada,Ottawa
Alanis Morsetee,Ottawa,Canada,Ottawa
Alanis Morrisatte,Ottawa,Canada,Ottawa
Alanis Morisay,Ottawa,Canada,Ottawa
Alanis Moiraset,Ottawa,Canada,Ottawa
Alanis Morisetete,Ottawa,Canada,Ottawa
Alanis Morrseite,Ottawa,Canada,Ottawa
Alanis Morreisiette,Ottawa,Canada,Ottawa
Alanis Morissettemo,Ottawa,Canada,Ottawa
Amy Polar,Newton,United States,"Washington,_D.C."
Amy Poelher,Newton,United States,"Washington,_D.C."
Amy Pouler,Newton,United States,"Washington,_D.C."
Amy Powler,Newton,United States,"Washington,_D.C."
Amy Poelar,Newton,United States,"Washington,_D.C."
Amy Poehlee,Newton,United States,"Washington,_D.C."
Amy Poelner,Newton,United States,"Washington,_D.C."
Amy Poughler,Newton,United States,"Washington,_D.C."
Amy Poehlor,Newton,United States,"Washington,_D.C."
Amy Poleher,Newton,United States,"Washington,_D.C."
Amy Pueler,Newton,United States,"Washington,_D.C."
Amy Poellar,Newton,United States,"Washington,_D.C."
Amy Poel,Newton,United States,"Washington,_D.C."
Amy Poher,Newton,United States,"Washington,_D.C."
Amy Poelter,Newton,United States,"Washington,_D.C."
Amy Phuler,Newton,United States,"Washington,_D.C."
Amy Pahler,Newton,United States,"Washington,_D.C."
Amy Phoebler,Newton,United States,"Washington,_D.C."
Amy Peoler,Newton,United States,"Washington,_D.C."
Amy Peuller,Newton,United States,"Washington,_D.C."
Amy Puhller,Newton,United States,"Washington,_D.C."
Amy Phoeber,Newton,United States,"Washington,_D.C."
Amy Poeloer,Newton,United States,"Washington,_D.C."
Amy Poohler,Newton,United States,"Washington,_D.C."
Amy Poahler,Newton,United States,"Washington,_D.C."
Amy Poyler,Newton,United States,"Washington,_D.C."
Amy Poelhar,Newton,United States,"Washington,_D.C."
Amy Poella,Newton,United States,"Washington,_D.C."
Amy Poelleur,Newton,United States,"Washington,_D.C."
Amy Poehlelas,Newton,United States,"Washington,_D.C."
Amy Powlwer,Newton,United States,"Washington,_D.C."
Amy Powlyer,Newton,United States,"Washington,_D.C."
Amy Phoellar,Newton,United States,"Washington,_D.C."
Amy Pollwer,Newton,United States,"Washington,_D.C."
Amy Poelyer,Newton,United States,"Washington,_D.C."
Amy Pohlener,Newton,United States,"Washington,_D.C."
Amy Poqler,Newton,United States,"Washington,_D.C."
Amy Pohlein,Newton,United States,"Washington,_D.C."
Amy Prohler,Newton,United States,"Washington,_D.C."
Amy Poeleer,Newton,United States,"Washington,_D.C."
Amy Proehl,Newton,United States,"Washington,_D.C."
Amy Phloer,Newton,United States,"Washington,_D.C."
Amy Pohlier,Newton,United States,"Washington,_D.C."
Amy Polaher,Newton,United States,"Washington,_D.C."
Amy Pohnler,Newton,United States,"Washington,_D.C."
Amy Poeer,Newton,United States,"Washington,_D.C."
Amy Poeolr,Newton,United States,"Washington,_D.C."
Amy Paughler,Newton,United States,"Washington,_D.C."
Amy Pollee,Newton,United States,"Washington,_D.C."
Amy Polehler,Newton,United States,"Washington,_D.C."
Manoj Shamalan,Mah,India,New_Delhi
Manoj Shamyalan,Mah,India,New_Delhi
Manoj Shamalah,Mah,India,New_Delhi
Manoj Shamalaya,Mah,India,New_Delhi
Manoj Shamelon,Mah,India,New_Delhi
Manoj Shamalhan,Mah,India,New_Delhi
Manoj Shamalian,Mah,India,New_Delhi
Manoj Shamlayan,Mah,India,New_Delhi
Manoj Shalyaman,Mah,India,New_Delhi
Manoj Shamalyam,Mah,India,New_Delhi
Manoj Shamalayman,Mah,India,New_Delhi
Manoj Shammalah,Mah,India,New_Delhi
Manoj Shabala,Mah,India,New_Delhi
Manoj Shahamalan,Mah,India,New_Delhi
Manoj Shiamalayan,Mah,India,New_Delhi
Manoj Shamalat,Mah,India,New_Delhi
Manoj Shaymahlan,Mah,India,New_Delhi
Manoj Shamaline,Mah,India,New_Delhi
Manoj Shamalawn,Mah,India,New_Delhi
Manoj Schamalon,Mah,India,New_Delhi
Manoj Samalayan,Mah,India,New_Delhi
Manoj Shamallama,Mah,India,New_Delhi
Manoj Shamalalyan,Mah,India,New_Delhi
Manoj Shamallayn,Mah,India,New_Delhi
Manoj Shamalanya,Mah,India,New_Delhi
Manoj Shaylamayan,Mah,India,New_Delhi
Manoj Schamalah,Mah,India,New_Delhi
Manoj Shamylain,Mah,India,New_Delhi
Manoj Shemalan,Mah,India,New_Delhi
Manoj Shalamalyan,Mah,India,New_Delhi
Manoj Shamalaah,Mah,India,New_Delhi
Manoj Shaymelan,Mah,India,New_Delhi
Manoj Shaymala,Mah,India,New_Delhi
Manoj Shylamen,Mah,India,New_Delhi
Manoj Shalaiman,Mah,India,New_Delhi
Manoj Shyaamalan,Mah,India,New_Delhi
Manoj Shalan,Mah,India,New_Delhi
Manoj Shabalak,Mah,India,New_Delhi
Manoj Shalamay,Mah,India,New_Delhi
Manoj Shamalyah,Mah,India,New_Delhi
Manoj Shayamaln,Mah,India,New_Delhi
Manoj Shamalanne,Mah,India,New_Delhi
Manoj Shalmalan,Mah,India,New_Delhi
Manoj Shammlan,Mah,India,New_Delhi
Manoj Schamalane,Mah,India,New_Delhi
Manoj Shambelang,Mah,India,New_Delhi
Manoj Shalam,Mah,India,New_Delhi
Manoj Shamanlan,Mah,India,New_Delhi
Manoj Shamaylaan,Mah,India,New_Delhi
Manoj Shahmelahn,Mah,India,New_Delhi
Manoj Shamalayian,Mah,India,New_Delhi
Manoj Schammelan,Mah,India,New_Delhi
Manoj Shyalmalan,Mah,India,New_Delhi
Manoj Shaman,Mah,India,New_Delhi
Manoj Shmalahan,Mah,India,New_Delhi
Manoj Shaymaylin,Mah,India,New_Delhi
Manoj Shamalayb,Mah,India,New_Delhi
Manoj Shamalaayan,Mah,India,New_Delhi
Manoj Shamhalayn,Mah,India,New_Delhi
Manoj Shalala,Mah,India,New_Delhi
Manoj Shabalong,Mah,India,New_Delhi
Manoj Shamellam,Mah,India,New_Delhi
Manoj Shlamalan,Mah,India,New_Delhi
Manoj Shamaler,Mah,India,New_Delhi
Manoj Shamayaan,Mah,India,New_Delhi
Manoj Shmaylian,Mah,India,New_Delhi
Manoj Shanelan,Mah,India,New_Delhi
Manoj Shuyamalan,Mah,India,New_Delhi
Manoj Shiyamalyan,Mah,India,New_Delhi
Manoj Shaymalaon,Mah,India,New_Delhi
Manoj Shamalab,Mah,India,New_Delhi
Manoj Shalamahan,Mah,India,New_Delhi
Manoj Shambalai,Mah,India,New_Delhi
Manoj Shahmalanh,Mah,India,New_Delhi
Manoj Shamalange,Mah,India,New_Delhi
Manoj Shamalame,Mah,India,New_Delhi
Manoj Shamalahb,Mah,India,New_Delhi
Manoj Shamaalyan,Mah,India,New_Delhi
Manoj Schmalam,Mah,India,New_Delhi
Manoj Shahmlan,Mah,India,New_Delhi
Manoj Shamalae,Mah,India,New_Delhi
Manoj Shimaylay,Mah,India,New_Delhi
Manoj Shamalayahn,Mah,India,New_Delhi
Manoj Shamyn,Mah,India,New_Delhi
Manoj Shailam,Mah,India,New_Delhi
Manoj Schamlan,Mah,India,New_Delhi
Manoj Schamalaan,Mah,India,New_Delhi
Manoj Shamlua,Mah,India,New_Delhi
Manoj Shamanan,Mah,India,New_Delhi
Manoj Shiamilan,Mah,India,New_Delhi
Manoj Shyhamalan,Mah,India,New_Delhi
Manoj Shanyalman,Mah,India,New_Delhi
Manoj Shabelaan,Mah,India,New_Delhi
Manoj Shaillah,Mah,India,New_Delhi
Manoj Shamaylahan,Mah,India,New_Delhi
Manoj Shamehylan,Mah,India,New_Delhi
Manoj Shyamaylam,Mah,India,New_Delhi
Manoj Shalamian,Mah,India,New_Delhi
Manoj Shsmalyl,Mah,India,New_Delhi
Manoj Shammilanh,Mah,India,New_Delhi
Manoj Shamylama,Mah,India,New_Delhi
Manoj Shanamalan,Mah,India,New_Delhi
Manoj Shaymayalam,Mah,India,New_Delhi
Manoj Shamalayaan,Mah,India,New_Delhi
Manoj Shamnayalan,Mah,India,New_Delhi
Manoj Shandelan,Mah,India,New_Delhi
Manoj Shymialyan,Mah,India,New_Delhi
Manoj Shamolahn,Mah,India,New_Delhi
Manoj Shamilyon,Mah,India,New_Delhi
Manoj Shimanay,Mah,India,New_Delhi
Manoj Shaymulan,Mah,India,New_Delhi
Manoj Shanaman,Mah,India,New_Delhi
Manoj Shammaly,Mah,India,New_Delhi
Manoj Shaumalaun,Mah,India,New_Delhi
Manoj Shamnalay,Mah,India,New_Delhi
Manoj Shamaeliane,Mah,India,New_Delhi
Manoj Shaymaylaon,Mah,India,New_Delhi
Manoj Shamailah,Mah,India,New_Delhi
Manoj Shaymahalan,Mah,India,New_Delhi
Manoj Shylamahan,Mah,India,New_Delhi
Manoj Shamalalab,Mah,India,New_Delhi
Manoj Scmalayan,Mah,India,New_Delhi
Manoj Shamalayain,Mah,India,New_Delhi
Manoj Shambalam,Mah,India,New_Delhi
Manoj Shylamin,Mah,India,New_Delhi
Manoj Shaiman,Mah,India,New_Delhi
Manoj Shlamalyan,Mah,India,New_Delhi
Manoj Shamalanga,Mah,India,New_Delhi
Manoj Shyanamalan,Mah,India,New_Delhi
Manoj Shamamama,Mah,India,New_Delhi
Manoj Shamalayann,Mah,India,New_Delhi
Manoj Shymamamama,Mah,India,New_Delhi
Manoj Shaymaln,Mah,India,New_Delhi
Manoj Shamalamen,Mah,India,New_Delhi
Manoj Shamblan,Mah,India,New_Delhi
Manoj Shayamalayn,Mah,India,New_Delhi
Manoj Shamelaon,Mah,India,New_Delhi
Manoj Shamaglan,Mah,India,New_Delhi
Manoj Sahmallan,Mah,India,New_Delhi
Manoj Shamyalaman,Mah,India,New_Delhi
Manoj Schmulan,Mah,India,New_Delhi
Manoj Shamalanon,Mah,India,New_Delhi
Manoj Shaylanan,Mah,India,New_Delhi
Manoj Shymalyah,Mah,India,New_Delhi
Manoj Shiamalay,Mah,India,New_Delhi
Manoj Shaylam,Mah,India,New_Delhi
Manoj Shumalyian,Mah,India,New_Delhi
Manoj Shamenallan,Mah,India,New_Delhi
Manoj Shamalaawn,Mah,India,New_Delhi
Manoj Schamalla,Mah,India,New_Delhi
Manoj Shomalolan,Mah,India,New_Delhi
Manoj Shamanel,Mah,India,New_Delhi
Manoj Shallamalan,Mah,India,New_Delhi
Manoj Shamallann,Mah,India,New_Delhi
Manoj Shamelnar,Mah,India,New_Delhi
Manoj Shamolah,Mah,India,New_Delhi
Manoj Shamalymn,Mah,India,New_Delhi
Manoj Shammallah,Mah,India,New_Delhi
Manoj Shaymyalan,Mah,India,New_Delhi
Manoj Shamalyen,Mah,India,New_Delhi
Manoj Shyambalam,Mah,India,New_Delhi
Manoj Samelain,Mah,India,New_Delhi
Manoj Shammalean,Mah,India,New_Delhi
Manoj Shyamalln,Mah,India,New_Delhi
Manoj Shamolyan,Mah,India,New_Delhi
Manoj Shahmelan,Mah,India,New_Delhi
Manoj Shamlain,Mah,India,New_Delhi
Manoj Shyamapal,Mah,India,New_Delhi
Manoj Shamoolah,Mah,India,New_Delhi
Colin Rand Kopernick,Milwaukee,United States,"Washington,_D.C."
Colin Rand Kappernik,Milwaukee,United States,"Washington,_D.C."
Colin Rand Koppernick,Milwaukee,United States,"Washington,_D.C."
Colin Rand Kaperneck,Milwaukee,United States,"Washington,_D.C."
Colin Rand Kaupernick,Milwaukee,United States,"Washington,_D.C."
Colin Rand Kabernik,Milwaukee,United States,"Washington,_D.C."
Colin Rand Kepernick,Milwaukee,United States,"Washington,_D.C."
Colin Rand Kaprenick,Milwaukee,United States,"Washington,_D.C."
Colin Rand Kaprinick,Milwaukee,United States,"Washington,_D.C."
Colin Rand Kepernik,Milwaukee,United States,"Washington,_D.C."
Colin Rand Kaerpernick,Milwaukee,United States,"Washington,_D.C."
Colin Rand Kapranick,Milwaukee,United States,"Washington,_D.C."
Colin Rand Kapernyck,Milwaukee,United States,"Washington,_D.C."
Colin Rand Koppernic,Milwaukee,United States,"Washington,_D.C."
Colin Rand Kappernek,Milwaukee,United States,"Washington,_D.C."
Colin Rand Kapernike,Milwaukee,United States,"Washington,_D.C."
Colin Rand Kaeperninck,Milwaukee,United States,"Washington,_D.C."
Colin Rand Kaperenick,Milwaukee,United States,"Washington,_D.C."
Colin Rand Kapronic,Milwaukee,United States,"Washington,_D.C."
Colin Rand Kaeperni,Milwaukee,United States,"Washington,_D.C."
Colin Rand Kopernicke,Milwaukee,United States,"Washington,_D.C."
Colin Rand Kapirnik,Milwaukee,United States,"Washington,_D.C."
Colin Rand Kapennick,Milwaukee,United States,"Washington,_D.C."
Colin Rand Kaphernick,Milwaukee,United States,"Washington,_D.C."
Colin Rand Kaepornick,Milwaukee,United States,"Washington,_D.C."
Colin Rand Kapeneck,Milwaukee,United States,"Washington,_D.C."
Colin Rand Kapernsky,Milwaukee,United States,"Washington,_D.C."
Colin Rand Kapranik,Milwaukee,United States,"Washington,_D.C."
Colin Rand Kapernice,Milwaukee,United States,"Washington,_D.C."
Colin Rand Kaeppernich,Milwaukee,United States,"Washington,_D.C."
Colin Rand Kaepernon,Milwaukee,United States,"Washington,_D.C."
Colin Rand Koepernnick,Milwaukee,United States,"Washington,_D.C."
Colin Rand Kauppernick,Milwaukee,United States,"Washington,_D.C."
Colin Rand Kapernacick,Milwaukee,United States,"Washington,_D.C."
Colin Rand Kaepernicv,Milwaukee,United States,"Washington,_D.C."
Colin Rand Kapierniuk,Milwaukee,United States,"Washington,_D.C."
Colin Rand Kaperenic,Milwaukee,United States,"Washington,_D.C."
Colin Rand Kapernicis,Milwaukee,United States,"Washington,_D.C."
Colin Rand Kaperkinic,Milwaukee,United States,"Washington,_D.C."
Colin Rand Kappernay,Milwaukee,United States,"Washington,_D.C."
Colin Rand Kaepernatch,Milwaukee,United States,"Washington,_D.C."
Colin Rand Kartpatrick,Milwaukee,United States,"Washington,_D.C."
Colin Rand Kapperbick,Milwaukee,United States,"Washington,_D.C."
Colin Rand Kaepernii,Milwaukee,United States,"Washington,_D.C."
Colin Rand Katpernik,Milwaukee,United States,"Washington,_D.C."
Colin Rand Kappernat,Milwaukee,United States,"Washington,_D.C."
Colin Rand Kaepernink,Milwaukee,United States,"Washington,_D.C."
Colin Rand Khopernik,Milwaukee,United States,"Washington,_D.C."
Colin Rand Kapeurnki,Milwaukee,United States,"Washington,_D.C."
Colin Rand Kapprink,Milwaukee,United States,"Washington,_D.C."
Colin Rand Kapranilk,Milwaukee,United States,"Washington,_D.C."
Colin Rand Kempernick,Milwaukee,United States,"Washington,_D.C."
Colin Rand Kalernick,Milwaukee,United States,"Washington,_D.C."
Colin Rand Kaporenic,Milwaukee,United States,"Washington,_D.C."
Colin Rand Kiopernick,Milwaukee,United States,"Washington,_D.C."
Colin Rand Kaepernakick,Milwaukee,United States,"Washington,_D.C."
Colin Rand Kapperdic,Milwaukee,United States,"Washington,_D.C."
Colin Rand Kapernaum,Milwaukee,United States,"Washington,_D.C."
Colin Rand Kaepernikk,Milwaukee,United States,"Washington,_D.C."
Colin Rand Kalpaernik,Milwaukee,United States,"Washington,_D.C."
Colin Rand Koupennick,Milwaukee,United States,"Washington,_D.C."
Colin Rand Kubernik,Milwaukee,United States,"Washington,_D.C."
Colin Rand Kapperknack,Milwaukee,United States,"Washington,_D.C."
Colin Rand Kaeparick,Milwaukee,United States,"Washington,_D.C."
Colin Rand Klapernic,Milwaukee,United States,"Washington,_D.C."
Colin Rand Kaepersnick,Milwaukee,United States,"Washington,_D.C."
Colin Rand Kapckernick,Milwaukee,United States,"Washington,_D.C."
Colin Rand Kaeperkic,Milwaukee,United States,"Washington,_D.C."
Colin Rand Karpernik,Milwaukee,United States,"Washington,_D.C."
Colin Rand Kapernickack,Milwaukee,United States,"Washington,_D.C."
Colin Rand Katpernick,Milwaukee,United States,"Washington,_D.C."
Colin Rand Kornick,Milwaukee,United States,"Washington,_D.C."
Colin Rand Kabernay,Milwaukee,United States,"Washington,_D.C."
Colin Rand Kapernicj,Milwaukee,United States,"Washington,_D.C."
Colin Rand Kapperniek,Milwaukee,United States,"Washington,_D.C."
Colin Rand Kalanick,Milwaukee,United States,"Washington,_D.C."
Colin Rand Kipernic,Milwaukee,United States,"Washington,_D.C."
Colin Rand Kappetnik,Milwaukee,United States,"Washington,_D.C."
Colin Rand Knapernack,Milwaukee,United States,"Washington,_D.C."
Colin Rand Kaparney,Milwaukee,United States,"Washington,_D.C."
Colin Rand Kapernickkap,Milwaukee,United States,"Washington,_D.C."
Colin Rand Kaeperanick,Milwaukee,United States,"Washington,_D.C."
Colin Rand Kappernix,Milwaukee,United States,"Washington,_D.C."
Colin Rand Kappanuick,Milwaukee,United States,"Washington,_D.C."
Mark Maguirre,Pomona,United States,"Washington,_D.C."
Mark Mcgyer,Pomona,United States,"Washington,_D.C."
Mark Mccguire,Pomona,United States,"Washington,_D.C."
Mark Mcguirem,Pomona,United States,"Washington,_D.C."
Mark Mcgueir,Pomona,United States,"Washington,_D.C."
Mark Mcwyre,Pomona,United States,"Washington,_D.C."
Mark Macgquire,Pomona,United States,"Washington,_D.C."
Mark Mcgower,Pomona,United States,"Washington,_D.C."
Mark Mcgyier,Pomona,United States,"Washington,_D.C."
Mark Magwild,Pomona,United States,"Washington,_D.C."
Mark Mcguiret,Pomona,United States,"Washington,_D.C."
Mark Mcgvier,Pomona,United States,"Washington,_D.C."
Mark Mcgill,Pomona,United States,"Washington,_D.C."
Mark Macgywire,Pomona,United States,"Washington,_D.C."
Mark Mcqwyr,Pomona,United States,"Washington,_D.C."
Mark Mcguary,Pomona,United States,"Washington,_D.C."
Mark Magaird,Pomona,United States,"Washington,_D.C."
Mark Maguirr,Pomona,United States,"Washington,_D.C."
Mark Mcgcwgire,Pomona,United States,"Washington,_D.C."
Mark Magwier,Pomona,United States,"Washington,_D.C."
Mark Mcgwareth,Pomona,United States,"Washington,_D.C."
Mark Mcguiner,Pomona,United States,"Washington,_D.C."
Mark Mcguiremc,Pomona,United States,"Washington,_D.C."
Mark Mcguirrey,Pomona,United States,"Washington,_D.C."
Mark Mcguierm,Pomona,United States,"Washington,_D.C."
Mark Mcguirez,Pomona,United States,"Washington,_D.C."
Mark Mcguie,Pomona,United States,"Washington,_D.C."
Mark Mcgwauer,Pomona,United States,"Washington,_D.C."
Mark Mcgwirem,Pomona,United States,"Washington,_D.C."
Mark Mcgurire,Pomona,United States,"Washington,_D.C."
Mark Mauguire,Pomona,United States,"Washington,_D.C."
Mark Mcduire,Pomona,United States,"Washington,_D.C."
Chuck Palanik,Pasco,United States,"Washington,_D.C."
Chuck Pahlanuik,Pasco,United States,"Washington,_D.C."
Chuck Palhaniuk,Pasco,United States,"Washington,_D.C."
Chuck Palaniuck,Pasco,United States,"Washington,_D.C."
Chuck Polanic,Pasco,United States,"Washington,_D.C."
Chuck Pollinik,Pasco,United States,"Washington,_D.C."
Chuck Pahlaniak,Pasco,United States,"Washington,_D.C."
Chuck Pollenik,Pasco,United States,"Washington,_D.C."
Chuck Palinick,Pasco,United States,"Washington,_D.C."
Chuck Palanyuk,Pasco,United States,"Washington,_D.C."
Chuck Pahaulnik,Pasco,United States,"Washington,_D.C."
Chuck Paluchnik,Pasco,United States,"Washington,_D.C."
Chuck Palinuik,Pasco,United States,"Washington,_D.C."
Chuck Palanichuk,Pasco,United States,"Washington,_D.C."
Chuck Pahulnick,Pasco,United States,"Washington,_D.C."
Chuck Palenek,Pasco,United States,"Washington,_D.C."
Chuck Palanauk,Pasco,United States,"Washington,_D.C."
Chuck Poloniak,Pasco,United States,"Washington,_D.C."
Chuck Paleneck,Pasco,United States,"Washington,_D.C."
Chuck Pohlanik,Pasco,United States,"Washington,_D.C."
Chuck Palanuhk,Pasco,United States,"Washington,_D.C."
Chuck Pahalanuk,Pasco,United States,"Washington,_D.C."
Chuck Palaniuc,Pasco,United States,"Washington,_D.C."
Chuck Palahuanik,Pasco,United States,"Washington,_D.C."
Chuck Pahulniuk,Pasco,United States,"Washington,_D.C."
Chuck Palineck,Pasco,United States,"Washington,_D.C."
Chuck Palahunk,Pasco,United States,"Washington,_D.C."
Chuck Palnuik,Pasco,United States,"Washington,_D.C."
Chuck Palanihk,Pasco,United States,"Washington,_D.C."
Chuck Palainuk,Pasco,United States,"Washington,_D.C."
Chuck Pawlanik,Pasco,United States,"Washington,_D.C."
Chuck Palihnuk,Pasco,United States,"Washington,_D.C."
Chuck Pahaluniak,Pasco,United States,"Washington,_D.C."
Chuck Palniak,Pasco,United States,"Washington,_D.C."
Chuck Palhuanik,Pasco,United States,"Washington,_D.C."
Chuck Palleneck,Pasco,United States,"Washington,_D.C."
Chuck Phaulanik,Pasco,United States,"Washington,_D.C."
Chuck Pahaulik,Pasco,United States,"Washington,_D.C."
Chuck Pahlaneuk,Pasco,United States,"Washington,_D.C."
Chuck Paleniuk,Pasco,United States,"Washington,_D.C."
Chuck Pahlounik,Pasco,United States,"Washington,_D.C."
Chuck Paliunik,Pasco,United States,"Washington,_D.C."
Chuck Palahunic,Pasco,United States,"Washington,_D.C."
Chuck Paluhinak,Pasco,United States,"Washington,_D.C."
Chuck Palanique,Pasco,United States,"Washington,_D.C."
Chuck Polanneck,Pasco,United States,"Washington,_D.C."
Chuck Palonuck,Pasco,United States,"Washington,_D.C."
Chuck Polaniuck,Pasco,United States,"Washington,_D.C."
Chuck Pullenik,Pasco,United States,"Washington,_D.C."
Chuck Palnuick,Pasco,United States,"Washington,_D.C."
Chuck Pallenic,Pasco,United States,"Washington,_D.C."
Chuck Palahinak,Pasco,United States,"Washington,_D.C."
Chuck Pallenik,Pasco,United States,"Washington,_D.C."
Chuck Pauhlnik,Pasco,United States,"Washington,_D.C."
Chuck Paliniuck,Pasco,United States,"Washington,_D.C."
Chuck Palahinik,Pasco,United States,"Washington,_D.C."
Chuck Pahlniak,Pasco,United States,"Washington,_D.C."
Chuck Palhaniuck,Pasco,United States,"Washington,_D.C."
Chuck Pauluniak,Pasco,United States,"Washington,_D.C."
Chuck Palernick,Pasco,United States,"Washington,_D.C."
Chuck Phalianuk,Pasco,United States,"Washington,_D.C."
Chuck Paluhinik,Pasco,United States,"Washington,_D.C."
Chuck Poleniak,Pasco,United States,"Washington,_D.C."
Chuck Palacniuk,Pasco,United States,"Washington,_D.C."
Chuck Palanyck,Pasco,United States,"Washington,_D.C."
Chuck Palinhuick,Pasco,United States,"Washington,_D.C."
Chuck Pahlanyk,Pasco,United States,"Washington,_D.C."
Chuck Paulachiuk,Pasco,United States,"Washington,_D.C."
Chuck Palanuek,Pasco,United States,"Washington,_D.C."
Chuck Palauniuik,Pasco,United States,"Washington,_D.C."
Chuck Pallihnuk,Pasco,United States,"Washington,_D.C."
Chuck Palatinuk,Pasco,United States,"Washington,_D.C."
Chuck Palnahuck,Pasco,United States,"Washington,_D.C."
Chuck Pallahnuck,Pasco,United States,"Washington,_D.C."
Chuck Palahchuk,Pasco,United States,"Washington,_D.C."
Chuck Paulenuk,Pasco,United States,"Washington,_D.C."
Chuck Pallenuick,Pasco,United States,"Washington,_D.C."
Chuck Pawlinick,Pasco,United States,"Washington,_D.C."
Chuck Palagnjuk,Pasco,United States,"Washington,_D.C."
Chuck Paladchuk,Pasco,United States,"Washington,_D.C."
Chuck Palaunauk,Pasco,United States,"Washington,_D.C."
Chuck Palahuinak,Pasco,United States,"Washington,_D.C."
Chuck Palanheuk,Pasco,United States,"Washington,_D.C."
Chuck Pahnick,Pasco,United States,"Washington,_D.C."
Chuck Paliphuk,Pasco,United States,"Washington,_D.C."
Chuck Pclinik,Pasco,United States,"Washington,_D.C."
Chuck Pahaliunk,Pasco,United States,"Washington,_D.C."
Chuck Palancio,Pasco,United States,"Washington,_D.C."
Chuck Palinhcuk,Pasco,United States,"Washington,_D.C."
Chuck Palyaschnuk,Pasco,United States,"Washington,_D.C."
Chuck Pahloneuk,Pasco,United States,"Washington,_D.C."
Chuck Palnahiuk,Pasco,United States,"Washington,_D.C."
Chuck Pallinak,Pasco,United States,"Washington,_D.C."
Chuck Palahdniuk,Pasco,United States,"Washington,_D.C."
Chuck Paulinivk,Pasco,United States,"Washington,_D.C."
Chuck Paulanicj,Pasco,United States,"Washington,_D.C."
Chuck Palakuk,Pasco,United States,"Washington,_D.C."
Chuck Pahlachik,Pasco,United States,"Washington,_D.C."
Chuck Paullanick,Pasco,United States,"Washington,_D.C."
Chuck Pahliunk,Pasco,United States,"Washington,_D.C."
Chuck Polonuk,Pasco,United States,"Washington,_D.C."
Chuck Palahniuik,Pasco,United States,"Washington,_D.C."
Chuck Palaghunik,Pasco,United States,"Washington,_D.C."
Chuck Pallihuk,Pasco,United States,"Washington,_D.C."
Chuck Pallinauk,Pasco,United States,"Washington,_D.C."
Chuck Paliani,Pasco,United States,"Washington,_D.C."
Chuck Pahlaniyk,Pasco,United States,"Washington,_D.C."
Chuck Palanicuek,Pasco,United States,"Washington,_D.C."
Chuck Phalhaunik,Pasco,United States,"Washington,_D.C."
Chuck Paluheinik,Pasco,United States,"Washington,_D.C."
Chuck Phalamaneuk,Pasco,United States,"Washington,_D.C."
Chuck Pualanik,Pasco,United States,"Washington,_D.C."
Chuck Pullonik,Pasco,United States,"Washington,_D.C."
Chuck Palagnuik,Pasco,United States,"Washington,_D.C."
Chuck Paulanink,Pasco,United States,"Washington,_D.C."
Chuck Palanisk,Pasco,United States,"Washington,_D.C."
Chuck Palahnucj,Pasco,United States,"Washington,_D.C."
Chuck Phaliniuck,Pasco,United States,"Washington,_D.C."
Chuck Palounek,Pasco,United States,"Washington,_D.C."
Chuck Palernic,Pasco,United States,"Washington,_D.C."
Chuck Palchnik,Pasco,United States,"Washington,_D.C."
Chuck Polohniuk,Pasco,United States,"Washington,_D.C."
Chuck Pallonuck,Pasco,United States,"Washington,_D.C."
Chuck Phalunuk,Pasco,United States,"Washington,_D.C."
Chuck Palucknuk,Pasco,United States,"Washington,_D.C."
Chuck Pahautnik,Pasco,United States,"Washington,_D.C."
Chuck Palinuhk,Pasco,United States,"Washington,_D.C."
Chuck Palalick,Pasco,United States,"Washington,_D.C."
Chuck Pualanick,Pasco,United States,"Washington,_D.C."
Chuck Phalanchuk,Pasco,United States,"Washington,_D.C."
Chuck Pahluniuck,Pasco,United States,"Washington,_D.C."
Chuck Poliinick,Pasco,United States,"Washington,_D.C."
Chuck Pahalinick,Pasco,United States,"Washington,_D.C."
Chuck Palanhiuck,Pasco,United States,"Washington,_D.C."
Chuck Palpalahniuk,Pasco,United States,"Washington,_D.C."
Chuck Pachulniuk,Pasco,United States,"Washington,_D.C."
Chuck Pahlanukh,Pasco,United States,"Washington,_D.C."
Chuck Palagnick,Pasco,United States,"Washington,_D.C."
Chuck Pahaulick,Pasco,United States,"Washington,_D.C."
Chuck Paluenick,Pasco,United States,"Washington,_D.C."
Chuck Pohlanuk,Pasco,United States,"Washington,_D.C."
Chuck Paulianuk,Pasco,United States,"Washington,_D.C."
Chuck Palianchuk,Pasco,United States,"Washington,_D.C."
Chuck Palanuaiuk,Pasco,United States,"Washington,_D.C."
Chuck Palheniuk,Pasco,United States,"Washington,_D.C."
Chuck Pahulnuk,Pasco,United States,"Washington,_D.C."
Chuck Palanauik,Pasco,United States,"Washington,_D.C."
Chuck Palhinuhk,Pasco,United States,"Washington,_D.C."
Chuck Palauhinuk,Pasco,United States,"Washington,_D.C."
Chuck Pahalink,Pasco,United States,"Washington,_D.C."
Chuck Phalentuk,Pasco,United States,"Washington,_D.C."
Chuck Palanchke,Pasco,United States,"Washington,_D.C."
Chuck Polahnyc,Pasco,United States,"Washington,_D.C."
Chuck Parnick,Pasco,United States,"Washington,_D.C."
Chuck Pauloniak,Pasco,United States,"Washington,_D.C."
Chuck Palanah,Pasco,United States,"Washington,_D.C."
Chuck Pallenchuk,Pasco,United States,"Washington,_D.C."
Chuck Palhuniack,Pasco,United States,"Washington,_D.C."
Chuck Palanehyuk,Pasco,United States,"Washington,_D.C."
Chuck Phalani,Pasco,United States,"Washington,_D.C."
Chuck Palnanic,Pasco,United States,"Washington,_D.C."
Chuck Pahliahnik,Pasco,United States,"Washington,_D.C."
Chuck Palanhuek,Pasco,United States,"Washington,_D.C."
Chuck Paluchniak,Pasco,United States,"Washington,_D.C."
Chuck Palahichik,Pasco,United States,"Washington,_D.C."
Pickaboo Street,Triumph,United States,"Washington,_D.C."
Picabe Street,Triumph,United States,"Washington,_D.C."
Pickebu Street,Triumph,United States,"Washington,_D.C."
Pickabus Street,Triumph,United States,"Washington,_D.C."
Pikaboos Street,Triumph,United States,"Washington,_D.C."
Pikabe Street,Triumph,United States,"Washington,_D.C."
Peecabo Street,Triumph,United States,"Washington,_D.C."
Pichaboo Street,Triumph,United States,"Washington,_D.C."
Picabol Street,Triumph,United States,"Washington,_D.C."
Pihkabu Street,Triumph,United States,"Washington,_D.C."
Piccabou Street,Triumph,United States,"Washington,_D.C."
Pikabel Street,Triumph,United States,"Washington,_D.C."
Picola Street,Triumph,United States,"Washington,_D.C."
Pichabeu Street,Triumph,United States,"Washington,_D.C."
Picallo Street,Triumph,United States,"Washington,_D.C."
Pikaboug Street,Triumph,United States,"Washington,_D.C."
Picaboc Street,Triumph,United States,"Washington,_D.C."
Pikkaboo Street,Triumph,United States,"Washington,_D.C."
Piquaba Street,Triumph,United States,"Washington,_D.C."
Pikeb Street,Triumph,United States,"Washington,_D.C."
Pickbu Street,Triumph,United States,"Washington,_D.C."
Pikabook Street,Triumph,United States,"Washington,_D.C."
Pikabpo Street,Triumph,United States,"Washington,_D.C."
Pigabuh Street,Triumph,United States,"Washington,_D.C."
Picabeel Street,Triumph,United States,"Washington,_D.C."
Pepaba Street,Triumph,United States,"Washington,_D.C."
Picoble Street,Triumph,United States,"Washington,_D.C."
Pakbo Street,Triumph,United States,"Washington,_D.C."
Picachoo Street,Triumph,United States,"Washington,_D.C."
Picobah Street,Triumph,United States,"Washington,_D.C."
Picaus Street,Triumph,United States,"Washington,_D.C."
Picar Street,Triumph,United States,"Washington,_D.C."
Piqeboo Street,Triumph,United States,"Washington,_D.C."
Pikabal Street,Triumph,United States,"Washington,_D.C."
Picamy Street,Triumph,United States,"Washington,_D.C."
Phicabou Street,Triumph,United States,"Washington,_D.C."
Scarlett Johansen,New_York,United States,"Washington,_D.C."
Scarlett Johannssen,New_York,United States,"Washington,_D.C."
Scarlett Johannesen,New_York,United States,"Washington,_D.C."
Scarlett Johanesson,New_York,United States,"Washington,_D.C."
Scarlett Johanassen,New_York,United States,"Washington,_D.C."
Scarlett Johnanson,New_York,United States,"Washington,_D.C."
Scarlett Johanseon,New_York,United States,"Washington,_D.C."
Scarlett Jochansson,New_York,United States,"Washington,_D.C."
Scarlett Johanssonj,New_York,United States,"Washington,_D.C."
Scarlett Johanssn,New_York,United States,"Washington,_D.C."
Scarlett Johannasan,New_York,United States,"Washington,_D.C."
Scarlett Johhansan,New_York,United States,"Washington,_D.C."
Scarlett Johanssob,New_York,United States,"Washington,_D.C."
Scarlett Johansahn,New_York,United States,"Washington,_D.C."
Scarlett Joehannsen,New_York,United States,"Washington,_D.C."
Scarlett Johason,New_York,United States,"Washington,_D.C."
Scarlett Johahnsen,New_York,United States,"Washington,_D.C."
Scarlett Johhannsen,New_York,United States,"Washington,_D.C."
Scarlett Johhanesson,New_York,United States,"Washington,_D.C."
Scarlett Johannnesen,New_York,United States,"Washington,_D.C."
Scarlett Johnston,New_York,United States,"Washington,_D.C."
Scarlett Johhanesen,New_York,United States,"Washington,_D.C."
Scarlett Joahensson,New_York,United States,"Washington,_D.C."
Scarlett Joanssonn,New_York,United States,"Washington,_D.C."
Scarlett Johansso,New_York,United States,"Washington,_D.C."
Scarlett Johanssenne,New_York,United States,"Washington,_D.C."
Scarlett Johanshann,New_York,United States,"Washington,_D.C."
Scarlett Jhohannson,New_York,United States,"Washington,_D.C."
Scarlett Johanne,New_York,United States,"Washington,_D.C."
Scarlett Johansonson,New_York,United States,"Washington,_D.C."
Scarlett Johannosen,New_York,United States,"Washington,_D.C."
Scarlett Johannsonne,New_York,United States,"Washington,_D.C."
Scarlett Jojanson,New_York,United States,"Washington,_D.C."
Scarlett Jhohansan,New_York,United States,"Washington,_D.C."
Zooey Deschanel,Los Angeles,United States,"Washington,_D.C."
Sarah McLachlan,Halifax,Canada,Ottawa
Zachary Knight Galifianakis,Wilkesboro,United States,"Washington,_D.C."
Shia Saide LaBeouf,Los Angeles,United States,"Washington,_D.C."
Macaulay Carson Culkin,New York,United States,"Washington,_D.C."
Matthew McConaughey,Uvalde,United States,"Washington,_D.C."
Nicki Minaj,Saint James,Trinidad and Tobago,Port_of_Spain
Alanis Morissette,Ottawa,Canada,Ottawa
Amy Poehler,Newton,United States,"Washington,_D.C."
Manoj Shyamalan,Mah,India,New_Delhi
Colin Rand Kaepernick,Milwaukee,United States,"Washington,_D.C."
Mark McGwire,Pomona,United States,"Washington,_D.C."
Chuck Palahniuk,Pasco,United States,"Washington,_D.C."
Picabo Street,Triumph,United States,"Washington,_D.C."
Scarlett Johansson,New_York,United States,"Washington,_D.C."
